Game Date,Home Team,Away Team,Bookmaker Used,ML Away,ML Home,Spread Away,Spread Away Odds,Spread Home,Spread Home Odds,Total,Over Odds,Under Odds,Away Record,Away Score,Home Record,Home Score,ML_Diff,Log_Odds_Diff,Spread_Diff,Model ATS Pick,ATS Confidence,Model Total Pick,Total Confidence,Predicted Home Score,Predicted Away Score,ATS Fireballs,Total Fireballs
2025-03-27,New York Yankees,Milwaukee Brewers,MyBookie.ag,2.21,1.7,1.5,1.59,-1.5,2.45,8.0,1.99,1.88,0-1,2.0,1-0,4.0,-0.51,-0.262364264467491,-3.0,Home,0.5946593645341357,Under,0.7244360012693108,4.374172778154752,4.55895335473667,ðŸ”¥ðŸ”¥,ðŸ”¥ðŸ”¥ðŸ”¥
2025-03-27,Toronto Blue Jays,Baltimore Orioles,MyBookie.ag,2.0,1.85,-1.5,2.6,1.5,1.5,8.5,1.97,1.88,1-0,12.0,0-1,2.0,-0.1499999999999999,-0.0779615414697118,3.0,Home,0.8840811677901075,Over,0.8440809778751134,3.2666561413190243,7.246632948324154,ðŸ”¥ðŸ”¥ðŸ”¥ðŸ”¥,ðŸ”¥ðŸ”¥ðŸ”¥ðŸ”¥
2025-03-27,Texas Rangers,Boston Red Sox,MyBookie.ag,1.86,1.99,-1.5,2.45,1.5,1.59,7.5,1.87,1.98,1-0,5.0,0-1,2.0,0.1299999999999999,0.06755815101129109,3.0,Home,0.7665708259416122,Under,0.764704133723578,3.856179918269981,2.6343187546879068,ðŸ”¥ðŸ”¥ðŸ”¥,ðŸ”¥ðŸ”¥ðŸ”¥
2025-03-27,Washington Nationals,Philadelphia Phillies,MyBookie.ag,1.65,2.3,-1.5,2.15,1.5,1.74,7.0,1.83,2.03,1-0,7.0,0-1,3.0,0.6499999999999999,0.3321338350226147,3.0,Away,0.5850040460486963,Over,0.626424134238734,4.363214437889533,3.8663814106760555,ðŸ”¥ðŸ”¥,ðŸ”¥ðŸ”¥
2025-03-27,San Diego Padres,Atlanta Braves,MyBookie.ag,1.78,2.09,-1.5,2.45,1.5,1.59,7.0,2.03,1.83,0-1,4.0,1-0,7.0,0.30999999999999983,0.16055070167272575,3.0,Away,0.5545385782974215,Over,0.6460618515343832,4.375299068919289,2.412845524313892,ðŸ”¥,ðŸ”¥ðŸ”¥
2025-03-27,Chicago White Sox,Los Angeles Angels,MyBookie.ag,1.64,2.33,-1.5,2.1,1.5,1.77,7.5,1.93,1.92,0-1,1.0,1-0,8.0,0.6900000000000002,0.35117202574150225,3.0,Away,0.5850040460486963,Over,0.7893805951232548,4.2775165854222115,4.101660963727396,ðŸ”¥ðŸ”¥,ðŸ”¥ðŸ”¥ðŸ”¥ðŸ”¥
2025-03-27,Cincinnati Reds,San Francisco Giants,MyBookie.ag,1.94,1.91,1.5,1.43,-1.5,2.75,8.0,2.02,1.84,1-0,6.0,0-1,4.0,-0.030000000000000027,-0.015584731016698316,-3.0,Away,0.6522709649643261,Over,0.6162371171745176,3.7171322515257645,4.611042829190806,ðŸ”¥ðŸ”¥,ðŸ”¥ðŸ”¥
2025-03-27,Kansas City Royals,Cleveland Guardians,MyBookie.ag,2.09,1.78,1.5,1.53,-1.5,2.55,7.5,1.87,1.98,1-0,7.0,0-1,4.0,-0.30999999999999983,-0.16055070167272573,-3.0,Away,0.6618015718039931,Over,0.8575046914268045,5.320449414959468,2.6886216929658575,ðŸ”¥ðŸ”¥,ðŸ”¥ðŸ”¥ðŸ”¥ðŸ”¥
2025-03-27,Houston Astros,New York Mets,MyBookie.ag,2.11,1.77,1.5,1.56,-1.5,2.5,7.5,1.85,2.01,0-1,1.0,1-0,3.0,-0.33999999999999986,-0.17570840090223722,-3.0,Away,0.6618015718039931,Under,0.6647172040043269,3.683188904349236,3.6728584726744677,ðŸ”¥ðŸ”¥,ðŸ”¥ðŸ”¥
2025-03-27,Miami Marlins,Pittsburgh Pirates,MyBookie.ag,1.67,2.27,-1.5,2.25,1.5,1.69,6.5,2.0,1.85,0-1,4.0,1-0,5.0,0.6000000000000001,0.3069562050646477,3.0,Away,0.5850040460486963,Over,0.7964401231728612,4.363214437889533,3.8663814106760555,ðŸ”¥ðŸ”¥,ðŸ”¥ðŸ”¥ðŸ”¥ðŸ”¥
2025-03-27,St. Louis Cardinals,Minnesota Twins,MyBookie.ag,1.89,1.96,-1.5,2.5,1.5,1.56,7.5,1.98,1.87,0-1,3.0,1-0,5.0,0.07000000000000006,0.03636764417087479,3.0,Home,0.5885731354355342,Over,0.6370330432269037,4.172581178984407,3.819102773681492,ðŸ”¥ðŸ”¥,ðŸ”¥ðŸ”¥
2025-03-27,Los Angeles Dodgers,Detroit Tigers,MyBookie.ag,2.46,1.58,1.5,1.67,-1.5,2.3,6.5,1.83,2.03,0-1,4.0,3-0,5.0,-0.8799999999999999,-0.4427365029053959,-3.0,Home,0.7735169403514501,Over,0.6900664566789627,5.018013557881837,2.6926689432874564,ðŸ”¥ðŸ”¥ðŸ”¥,ðŸ”¥ðŸ”¥ðŸ”¥
2025-03-28,Arizona Diamondbacks,Chicago Cubs,MyBookie.ag,2.06,1.8,1.5,1.53,-1.5,2.55,8.0,1.86,1.99,1-3,1.0,1-1,8.0,-0.26,-0.13491931789937076,-3.0,Away,0.6641213324975923,Under,0.6550116142215723,7.292543037899383,1.6852989735659005,ðŸ”¥ðŸ”¥,ðŸ”¥ðŸ”¥
2025-03-28,Seattle Mariners,Oakland Athletics,MyBookie.ag,2.38,1.61,1.5,1.65,-1.5,2.35,7.0,1.98,1.87,,,,,-0.7699999999999998,-0.39086630868701167,-3.0,Home,0.7735169403514501,Under,0.5890039807823525,6.077902427299785,2.7119112395486926,ðŸ”¥ðŸ”¥ðŸ”¥,ðŸ”¥
2025-03-28,Tampa Bay Rays,Colorado Rockies,MyBookie.ag,2.79,1.47,1.5,1.87,-1.5,1.95,8.0,2.01,1.84,0-1,2.0,1-0,3.0,-1.32,-0.6407791950426294,-3.0,Home,0.885429927295354,Under,0.7204367618500624,3.8853147309017757,3.570632331353455,ðŸ”¥ðŸ”¥ðŸ”¥ðŸ”¥ðŸ”¥,ðŸ”¥ðŸ”¥ðŸ”¥
2025-03-28,Toronto Blue Jays,Baltimore Orioles,MyBookie.ag,2.07,1.8,1.5,1.53,-1.5,2.55,8.5,1.88,1.97,1-1,2.0,1-1,8.0,-0.2699999999999998,-0.1397619423751586,-3.0,Away,0.6973235086445821,Over,0.8667852227619045,7.735137953455766,3.2181919698689074,ðŸ”¥ðŸ”¥ðŸ”¥,ðŸ”¥ðŸ”¥ðŸ”¥ðŸ”¥
2025-03-28,Miami Marlins,Pittsburgh Pirates,MyBookie.ag,1.71,2.2,-1.5,2.2,1.5,1.71,8.0,1.87,1.98,1-1,4.0,1-1,3.0,0.4900000000000002,0.2519639898497018,3.0,Home,0.6109487555406944,Under,0.849105532545349,4.225093336961134,1.6859174918079078,ðŸ”¥ðŸ”¥,ðŸ”¥ðŸ”¥ðŸ”¥ðŸ”¥
2025-03-29,Arizona Diamondbacks,Chicago Cubs,MyBookie.ag,2.13,1.75,1.5,1.56,-1.5,2.5,8.5,1.86,2.0,2-3,4.0,1-2,3.0,-0.3799999999999999,-0.19650619178591094,-3.0,Home,0.6459018297539538,Under,0.5243049221652499,3.767553390461775,4.87548443172732,ðŸ”¥ðŸ”¥,ðŸ”¥
2025-03-29,Seattle Mariners,Oakland Athletics,MyBookie.ag,2.18,1.72,1.5,1.56,-1.5,2.5,7.0,1.91,1.94,,,,,-0.4600000000000002,-0.23700058597563606,-3.0,Away,0.7010632044809229,Over,0.5412364185369443,4.189254256269255,4.352516638432652,ðŸ”¥ðŸ”¥ðŸ”¥,ðŸ”¥
2025-03-29,Los Angeles Dodgers,Detroit Tigers,MyBookie.ag,2.82,1.46,1.5,1.93,-1.5,1.88,7.5,2.03,1.82,0-3,3.0,5-0,7.0,-1.3599999999999999,-0.6583004492297772,-3.0,Home,0.8112959961020119,Over,0.6491346782606744,5.107666826281435,2.7313712179762706,ðŸ”¥ðŸ”¥ðŸ”¥ðŸ”¥,ðŸ”¥ðŸ”¥
2025-03-29,New York Yankees,Milwaukee Brewers,MyBookie.ag,2.37,1.62,1.5,1.69,-1.5,2.25,9.0,1.87,1.98,0-2,9.0,2-0,20.0,-0.75,-0.38046380590274714,-3.0,Home,0.8899560761027004,Under,0.6310135930639694,5.585114692432108,3.6809339797731497,ðŸ”¥ðŸ”¥ðŸ”¥ðŸ”¥ðŸ”¥,ðŸ”¥ðŸ”¥
2025-03-29,Chicago White Sox,Los Angeles Angels,MyBookie.ag,1.62,2.37,-1.5,2.0,1.5,1.83,8.0,1.89,1.96,1-1,1.0,1-1,0.0,0.75,0.38046380590274714,3.0,Home,0.6109487555406944,Under,0.7081203197576715,5.051186071248672,4.136862151614559,ðŸ”¥ðŸ”¥,ðŸ”¥ðŸ”¥ðŸ”¥
2025-03-29,St. Louis Cardinals,Minnesota Twins,MyBookie.ag,1.88,1.97,-1.5,2.45,1.5,1.59,7.5,1.9,1.94,0-2,1.0,2-0,5.0,0.09000000000000008,0.046761765908039286,3.0,Home,0.5531554192078514,Under,0.7611762932716514,5.2925128724181985,2.1844401924544243,ðŸ”¥,ðŸ”¥ðŸ”¥ðŸ”¥
2025-03-29,Toronto Blue Jays,Baltimore Orioles,MyBookie.ag,2.1,1.77,1.5,1.56,-1.5,2.5,8.5,1.87,1.98,2-1,9.0,1-2,5.0,-0.33000000000000007,-0.17095779814363954,-3.0,Away,0.5477925132118477,Over,0.676041228283137,4.731296426448035,4.438181856366946,ðŸ”¥,ðŸ”¥ðŸ”¥
2025-03-29,Washington Nationals,Philadelphia Phillies,MyBookie.ag,1.62,2.36,-1.5,2.0,1.5,1.83,9.0,1.97,1.88,2-0,11.0,0-2,6.0,0.7399999999999998,0.37623546979322586,3.0,Away,0.547866458500217,Over,0.724031768333977,5.117109199880278,6.794626073459839,ðŸ”¥,ðŸ”¥ðŸ”¥ðŸ”¥
2025-03-29,Cincinnati Reds,San Francisco Giants,MyBookie.ag,2.05,1.81,1.5,1.5,-1.5,2.6,8.5,1.91,1.93,1-1,2.0,1-1,3.0,-0.23999999999999977,-0.1245129478725823,-3.0,Away,0.7295512361057399,Under,0.7882036742885853,3.4125619812862165,2.7112045554502107,ðŸ”¥ðŸ”¥ðŸ”¥,ðŸ”¥ðŸ”¥ðŸ”¥ðŸ”¥
2025-03-29,Kansas City Royals,Cleveland Guardians,MyBookie.ag,2.04,1.82,1.5,1.5,-1.5,2.6,8.5,1.91,1.94,1-1,3.0,1-1,4.0,-0.21999999999999997,-0.11411330676742099,-3.0,Away,0.7747192300978932,Under,0.7773414189510306,3.4125619812862165,3.3738527904685975,ðŸ”¥ðŸ”¥ðŸ”¥,ðŸ”¥ðŸ”¥ðŸ”¥
2025-03-29,Tampa Bay Rays,Colorado Rockies,MyBookie.ag,2.56,1.54,1.5,1.77,-1.5,2.1,8.0,1.86,1.99,1-1,2.0,1-1,1.0,-1.02,-0.5082248420659333,-3.0,Home,0.885429927295354,Under,0.8154397860436695,3.9377806292649793,3.7085768718906693,ðŸ”¥ðŸ”¥ðŸ”¥ðŸ”¥ðŸ”¥,ðŸ”¥ðŸ”¥ðŸ”¥ðŸ”¥
2025-03-29,Miami Marlins,Pittsburgh Pirates,MyBookie.ag,1.81,2.06,-1.5,2.3,1.5,1.67,8.5,1.94,1.9,1-2,4.0,2-1,5.0,0.25,0.12937913752375532,3.0,Home,0.7209785766297091,Over,0.6319797103912443,4.2623381368904765,4.683052539821948,ðŸ”¥ðŸ”¥ðŸ”¥,ðŸ”¥ðŸ”¥
2025-03-29,Texas Rangers,Boston Red Sox,MyBookie.ag,1.99,1.86,1.5,1.48,-1.5,2.65,9.0,1.95,1.9,1-2,3.0,2-1,4.0,-0.1299999999999999,-0.06755815101129109,-3.0,Home,0.7739841561853594,Over,0.5846074893424521,5.22585667221177,7.808784788608144,ðŸ”¥ðŸ”¥ðŸ”¥,ðŸ”¥
2025-03-29,San Diego Padres,Atlanta Braves,MyBookie.ag,1.73,2.17,-1.5,2.2,1.5,1.71,8.0,1.84,2.01,0-3,0.0,3-0,1.0,0.43999999999999995,0.22660575904268052,3.0,Home,0.6109487555406944,Under,0.8109766991256521,4.225093336961134,1.6859174918079078,ðŸ”¥ðŸ”¥,ðŸ”¥ðŸ”¥ðŸ”¥ðŸ”¥
2025-03-29,Houston Astros,New York Mets,MyBookie.ag,2.03,1.83,1.5,1.53,-1.5,2.55,8.5,1.86,1.99,1-2,1.0,2-1,2.0,-0.19999999999999973,-0.10371982620036625,-3.0,Away,0.7663007111727678,Under,0.6567429381241439,3.4125619812862165,3.3738527904685975,ðŸ”¥ðŸ”¥ðŸ”¥,ðŸ”¥ðŸ”¥
2025-03-30,Los Angeles Dodgers,Detroit Tigers,MyBookie.ag,2.85,1.45,1.5,1.87,-1.5,1.95,8.0,1.95,1.9,,,,,-1.4000000000000001,-0.6757554378480762,-3.0,Home,0.885429927295354,Under,0.787721055008887,3.8853147309017757,3.570632331353455,ðŸ”¥ðŸ”¥ðŸ”¥ðŸ”¥ðŸ”¥,ðŸ”¥ðŸ”¥ðŸ”¥ðŸ”¥
2025-03-30,New York Yankees,Milwaukee Brewers,MyBookie.ag,2.19,1.71,1.5,1.59,-1.5,2.45,8.5,1.98,1.87,0-3,3.0,3-0,12.0,-0.48,-0.24740817331384096,-3.0,Home,0.536864912949848,Under,0.5401547767207451,3.9430173382325804,4.122951512940566,ðŸ”¥,ðŸ”¥
2025-03-30,Washington Nationals,Philadelphia Phillies,MyBookie.ag,1.7,2.21,-1.5,2.15,1.5,1.74,9.0,2.02,1.83,2-1,1.0,1-2,5.0,0.51,0.26236426446749106,3.0,Away,0.547866458500217,Over,0.5390071678951899,5.159496019121337,4.645343964413412,ðŸ”¥,ðŸ”¥
2025-03-30,Toronto Blue Jays,Baltimore Orioles,MyBookie.ag,2.12,1.76,1.5,1.56,-1.5,2.5,9.0,2.0,1.85,2-2,1.0,2-2,3.0,-0.3600000000000001,-0.18610227963386075,-3.0,Home,0.707239062227435,Under,0.6488997433037308,5.143471492214997,4.250064963074158,ðŸ”¥ðŸ”¥ðŸ”¥,ðŸ”¥ðŸ”¥
2025-03-30,Cincinnati Reds,San Francisco Giants,MyBookie.ag,1.85,2.0,-1.5,2.45,1.5,1.59,8.0,1.9,1.94,2-1,6.0,1-2,3.0,0.1499999999999999,0.07796154146971171,3.0,Home,0.8439757755078959,Under,0.5643573572297284,4.860618720219735,3.0611406634689113,ðŸ”¥ðŸ”¥ðŸ”¥ðŸ”¥,ðŸ”¥
2025-03-30,Tampa Bay Rays,Colorado Rockies,MyBookie.ag,2.54,1.55,1.5,1.74,-1.5,2.15,7.5,1.9,1.95,1-2,4.0,2-1,6.0,-0.99,-0.49390915009928993,-3.0,Home,0.8112959961020119,Over,0.6425026685546873,5.160132724644638,2.8693157585134847,ðŸ”¥ðŸ”¥ðŸ”¥ðŸ”¥,ðŸ”¥ðŸ”¥
2025-03-30,Miami Marlins,Pittsburgh Pirates,MyBookie.ag,1.91,1.94,-1.5,2.55,1.5,1.53,7.5,1.89,1.96,1-3,2.0,3-1,3.0,0.030000000000000027,0.01558473101669833,3.0,Home,0.7724270816846087,Under,0.6505169585424833,4.172581178984407,3.318579856618271,ðŸ”¥ðŸ”¥ðŸ”¥,ðŸ”¥ðŸ”¥
2025-03-30,Chicago White Sox,Los Angeles Angels,MyBookie.ag,1.79,2.08,-1.5,2.35,1.5,1.65,8.5,1.98,1.87,2-1,3.0,1-2,2.0,0.29000000000000004,0.15015227386056307,3.0,Away,0.5446438211861949,Over,0.6164778407963738,3.7980348195131857,4.683052539821948,ðŸ”¥,ðŸ”¥ðŸ”¥
2025-03-30,Kansas City Royals,Cleveland Guardians,MyBookie.ag,2.0,1.86,-1.5,2.65,1.5,1.48,7.0,1.86,1.99,2-1,6.0,1-2,2.0,-0.1399999999999999,-0.07257069283483537,3.0,Home,0.852089790411425,Over,0.6281496519320415,3.6934577343960378,5.615423553548951,ðŸ”¥ðŸ”¥ðŸ”¥ðŸ”¥,ðŸ”¥ðŸ”¥
2025-03-30,St. Louis Cardinals,Minnesota Twins,MyBookie.ag,1.83,2.03,-1.5,2.45,1.5,1.59,8.0,1.92,1.92,0-3,2.0,3-0,9.0,0.19999999999999973,0.10371982620036631,3.0,Home,0.8460563393710644,Over,0.6414898032780464,4.860618720219735,3.0611406634689113,ðŸ”¥ðŸ”¥ðŸ”¥ðŸ”¥,ðŸ”¥ðŸ”¥
2025-03-30,Texas Rangers,Boston Red Sox,MyBookie.ag,2.47,1.57,1.5,1.68,-1.5,2.25,7.5,1.93,1.92,1-3,2.0,3-1,3.0,-0.9000000000000001,-0.45314253127966914,-3.0,Home,0.8112959961020119,Under,0.5089268352357624,4.730747210776797,3.2363436527590745,ðŸ”¥ðŸ”¥ðŸ”¥ðŸ”¥,ðŸ”¥
2025-03-30,Arizona Diamondbacks,Chicago Cubs,MyBookie.ag,2.08,1.79,1.5,1.53,-1.5,2.58,9.0,1.84,2.01,2-4,6.0,2-2,10.0,-0.29000000000000004,-0.15015227386056304,-3.0,Home,0.5930930618727238,Over,0.6098508884022187,8.805137989515924,4.296848663999512,ðŸ”¥ðŸ”¥,ðŸ”¥ðŸ”¥
2025-03-30,Seattle Mariners,Oakland Athletics,MyBookie.ag,2.43,1.59,1.5,1.64,-1.5,2.34,7.5,2.03,1.83,,,,,-0.8400000000000001,-0.4241572411203169,-3.0,Home,0.8112959961020119,Under,0.5388411045511736,4.730747210776797,3.3638857986487003,ðŸ”¥ðŸ”¥ðŸ”¥ðŸ”¥,ðŸ”¥
2025-03-30,San Diego Padres,Atlanta Braves,MyBookie.ag,2.09,1.78,1.5,1.53,-1.5,2.55,8.0,1.98,1.87,0-4,0.0,4-0,5.0,-0.30999999999999983,-0.16055070167272573,-3.0,Away,0.5097201383135311,Under,0.5133351629962242,7.120789081398776,1.9434098251810012,ðŸ”¥,ðŸ”¥
2025-03-31,Chicago White Sox,Minnesota Twins,MyBookie.ag,1.54,2.56,-1.5,1.91,1.5,1.91,7.5,1.89,1.96,0-4,0.0,2-2,9.0,1.02,0.5082248420659332,3.0,Away,0.5850040460486963,Over,0.6540225681763432,4.2775165854222115,4.101660963727396,ðŸ”¥ðŸ”¥,ðŸ”¥ðŸ”¥
2025-03-31,Milwaukee Brewers,Kansas City Royals,MyBookie.ag,1.97,1.88,1.5,1.48,-1.5,2.65,8.5,1.95,1.89,2-2,11.0,0-4,1.0,-0.09000000000000008,-0.04676176590803933,-3.0,Away,0.6891593944619372,Over,0.7035721039291563,3.085690455477109,7.962888820350319,ðŸ”¥ðŸ”¥ðŸ”¥,ðŸ”¥ðŸ”¥ðŸ”¥
2025-03-31,Baltimore Orioles,Boston Red Sox,MyBookie.ag,2.23,1.69,1.5,1.65,-1.5,2.35,9.5,1.9,1.95,1-4,5.0,3-2,8.0,-0.54,-0.2772730565370453,-3.0,Home,0.6055552616334775,Over,0.8188325465310434,5.998235579821818,4.182356994571354,ðŸ”¥ðŸ”¥,ðŸ”¥ðŸ”¥ðŸ”¥ðŸ”¥
2025-03-31,Philadelphia Phillies,Colorado Rockies,MyBookie.ag,3.3,1.36,1.5,2.1,-1.5,1.77,8.5,1.83,2.03,1-3,1.0,3-1,6.0,-1.9399999999999997,-0.8864377687244738,-3.0,Home,0.8592837168465792,Under,0.8525664926244608,3.7513495666626557,3.952770069678886,ðŸ”¥ðŸ”¥ðŸ”¥ðŸ”¥,ðŸ”¥ðŸ”¥ðŸ”¥ðŸ”¥
2025-03-31,Cincinnati Reds,Texas Rangers,MyBookie.ag,1.88,1.97,-1.5,2.4,1.5,1.62,9.0,2.01,1.84,3-2,3.0,2-2,14.0,0.09000000000000008,0.046761765908039286,3.0,Home,0.5299437331775853,Under,0.5067706813432155,6.938357817835366,3.8285656857607298,ðŸ”¥,ðŸ”¥
2025-03-31,Miami Marlins,New York Mets,MyBookie.ag,1.51,2.65,-1.5,1.87,1.5,1.95,8.5,1.95,1.9,2-2,10.0,3-2,4.0,1.14,0.5624499891712978,3.0,Away,0.5752676931768557,Over,0.7696303142567478,3.8098914862068485,6.32475606500539,ðŸ”¥,ðŸ”¥ðŸ”¥ðŸ”¥
2025-03-31,Tampa Bay Rays,Pittsburgh Pirates,MyBookie.ag,2.66,1.5,1.5,1.8,-1.5,2.05,8.0,1.91,1.93,1-4,1.0,3-1,6.0,-1.1600000000000001,-0.5728610146854433,-3.0,Home,0.885429927295354,Under,0.8614853737255515,3.8853147309017757,3.570632331353455,ðŸ”¥ðŸ”¥ðŸ”¥ðŸ”¥ðŸ”¥,ðŸ”¥ðŸ”¥ðŸ”¥ðŸ”¥
2025-03-31,Toronto Blue Jays,Washington Nationals,MyBookie.ag,2.41,1.6,1.5,1.71,-1.5,2.2,8.0,1.86,1.99,1-3,2.0,3-2,5.0,-0.81,-0.4096231182568281,-3.0,Home,0.885429927295354,Under,0.7123182608035435,5.235255032992547,3.6801774696246294,ðŸ”¥ðŸ”¥ðŸ”¥ðŸ”¥ðŸ”¥,ðŸ”¥ðŸ”¥ðŸ”¥
2025-03-31,St. Louis Cardinals,Los Angeles Angels,MyBookie.ag,2.24,1.69,1.5,1.62,-1.5,2.4,8.5,1.99,1.86,3-1,5.0,3-1,4.0,-0.5500000000000003,-0.2817473369319666,-3.0,Home,0.536864912949848,Over,0.6231161506281462,5.566262959869275,3.5300731896876827,ðŸ”¥,ðŸ”¥ðŸ”¥
2025-04-01,Houston Astros,San Francisco Giants,MyBookie.ag,2.05,1.81,1.5,1.5,-1.5,2.6,8.0,2.0,1.85,4-1,3.0,2-3,1.0,-0.23999999999999977,-0.1245129478725823,-3.0,Away,0.690709624865362,Under,0.9040268601068246,3.3170070498822732,1.212004247081471,ðŸ”¥ðŸ”¥ðŸ”¥,ðŸ”¥ðŸ”¥ðŸ”¥ðŸ”¥ðŸ”¥
2025-04-01,San Diego Padres,Cleveland Guardians,MyBookie.ag,2.1,1.77,1.5,1.53,-1.5,2.55,8.0,1.89,1.96,2-3,0.0,6-0,7.0,-0.33000000000000007,-0.17095779814363954,-3.0,Away,0.5097201383135311,Over,0.8516514145195364,3.90446819911251,2.927646604889611,ðŸ”¥,ðŸ”¥ðŸ”¥ðŸ”¥ðŸ”¥
2025-04-01,Seattle Mariners,Detroit Tigers,MyBookie.ag,2.03,1.82,1.5,1.48,-1.5,2.65,7.5,2.03,1.82,2-3,4.0,2-4,1.0,-0.20999999999999974,-0.10919929196499184,-3.0,Away,0.7785177741662338,Under,0.9097635719945631,1.1948278169453477,2.3077830289266914,ðŸ”¥ðŸ”¥ðŸ”¥,ðŸ”¥ðŸ”¥ðŸ”¥ðŸ”¥ðŸ”¥
2025-04-01,Oakland Athletics,Chicago Cubs,MyBookie.ag,1.78,2.09,-1.5,2.25,1.5,1.69,8.5,1.91,1.93,,,,,0.30999999999999983,0.16055070167272575,3.0,Away,0.5446438211861949,Under,0.7191763258659207,3.7980348195131857,4.683052539821948,ðŸ”¥,ðŸ”¥ðŸ”¥ðŸ”¥
2025-04-01,Los Angeles Dodgers,Atlanta Braves,MyBookie.ag,2.86,1.45,1.5,1.91,-1.5,1.91,8.0,1.91,1.94,0-6,1.0,7-0,3.0,-1.41,-0.6792580683992783,-3.0,Home,0.885429927295354,Under,0.8293855376182987,3.8853147309017757,3.570632331353455,ðŸ”¥ðŸ”¥ðŸ”¥ðŸ”¥ðŸ”¥,ðŸ”¥ðŸ”¥ðŸ”¥ðŸ”¥
2025-04-01,Cincinnati Reds,Texas Rangers,MyBookie.ag,1.71,2.2,-1.5,2.15,1.5,1.74,8.5,1.82,2.04,4-2,1.0,2-3,0.0,0.4900000000000002,0.2519639898497018,3.0,Away,0.5752676931768557,Under,0.8109766991256521,2.983798751919309,3.8738114051987362,ðŸ”¥,ðŸ”¥ðŸ”¥ðŸ”¥ðŸ”¥
2025-04-01,Miami Marlins,New York Mets,MyBookie.ag,1.63,2.34,-1.5,2.05,1.5,1.8,7.5,1.88,1.97,2-3,2.0,4-2,4.0,0.71,0.36157091455093904,3.0,Away,0.5850040460486963,Under,0.6346315672420837,4.2775165854222115,4.101660963727396,ðŸ”¥ðŸ”¥,ðŸ”¥ðŸ”¥
2025-04-01,New York Yankees,Arizona Diamondbacks,MyBookie.ag,1.92,1.93,-1.5,2.5,1.5,1.56,8.5,1.98,1.87,3-2,7.0,3-1,5.0,0.010000000000000009,0.00519481687710393,3.0,Away,0.578428454426242,Over,0.7058975573472885,4.58584980689578,4.687172072516335,ðŸ”¥,ðŸ”¥ðŸ”¥ðŸ”¥
2025-04-01,Tampa Bay Rays,Pittsburgh Pirates,MyBookie.ag,2.43,1.59,1.5,1.74,-1.5,2.15,9.0,2.02,1.84,1-5,0.0,4-1,7.0,-0.8400000000000001,-0.4241572411203169,-3.0,Home,0.8899560761027004,Under,0.8380130172783342,4.175886346011165,3.6809339797731497,ðŸ”¥ðŸ”¥ðŸ”¥ðŸ”¥ðŸ”¥,ðŸ”¥ðŸ”¥ðŸ”¥ðŸ”¥
2025-04-01,Toronto Blue Jays,Washington Nationals,MyBookie.ag,2.39,1.61,1.5,1.66,-1.5,2.31,8.5,1.94,1.9,1-4,3.0,4-2,5.0,-0.78,-0.3950591869470476,-3.0,Home,0.8592837168465792,Under,0.5197592958652921,5.145407485667226,3.8439554486244822,ðŸ”¥ðŸ”¥ðŸ”¥ðŸ”¥,ðŸ”¥
2025-04-01,Chicago White Sox,Minnesota Twins,MyBookie.ag,1.62,2.37,-1.5,2.05,1.5,1.8,7.5,2.02,1.84,1-4,8.0,2-3,3.0,0.75,0.38046380590274714,3.0,Away,0.5850040460486963,Over,0.6745201627866457,4.2775165854222115,4.101660963727396,ðŸ”¥ðŸ”¥,ðŸ”¥ðŸ”¥
2025-04-01,Milwaukee Brewers,Kansas City Royals,MyBookie.ag,2.03,1.83,-1.5,2.6,1.5,1.5,8.5,1.91,1.94,2-3,0.0,1-4,5.0,-0.19999999999999973,-0.10371982620036625,3.0,Away,0.5678978245347345,Under,0.9114841191762847,4.089322015373326,2.6998118182418613,ðŸ”¥,ðŸ”¥ðŸ”¥ðŸ”¥ðŸ”¥ðŸ”¥
2025-04-01,St. Louis Cardinals,Los Angeles Angels,MyBookie.ag,2.29,1.66,1.5,1.62,-1.5,2.39,8.5,1.97,1.88,4-1,9.0,3-2,7.0,-0.6300000000000001,-0.3217342151976965,-3.0,Home,0.7296282263452277,Over,0.6473267673762886,4.900692668572131,3.8439554486244822,ðŸ”¥ðŸ”¥ðŸ”¥,ðŸ”¥ðŸ”¥
2025-04-02,Los Angeles Dodgers,Atlanta Braves,MyBookie.ag,2.18,1.72,1.5,1.56,-1.5,2.5,7.5,1.87,1.98,0-7,5.0,8-0,6.0,-0.4600000000000002,-0.23700058597563606,-3.0,Away,0.650716467720953,Over,0.7473437402238697,3.8660207397530013,4.730559831647106,ðŸ”¥ðŸ”¥,ðŸ”¥ðŸ”¥ðŸ”¥
2025-04-02,Cincinnati Reds,Texas Rangers,MyBookie.ag,2.15,1.74,1.5,1.56,-1.5,2.5,8.5,1.91,1.94,5-2,1.0,2-4,0.0,-0.4099999999999999,-0.21158272891313376,-3.0,Home,0.6650896280399559,Under,0.5374687328612827,3.767553390461775,4.122951512940566,ðŸ”¥ðŸ”¥ðŸ”¥,ðŸ”¥
2025-04-02,Milwaukee Brewers,Kansas City Royals,MyBookie.ag,2.01,1.84,-1.5,2.65,1.5,1.48,7.5,1.9,1.95,2-4,2.0,2-4,3.0,-0.1699999999999997,-0.08836915045008996,3.0,Home,0.6482289418703772,Under,0.901720807458963,2.6940897152236154,2.2301847329765163,ðŸ”¥ðŸ”¥,ðŸ”¥ðŸ”¥ðŸ”¥ðŸ”¥ðŸ”¥
2025-04-02,Tampa Bay Rays,Pittsburgh Pirates,MyBookie.ag,1.88,1.96,-1.5,2.58,1.5,1.53,7.0,1.96,1.89,2-5,4.0,4-2,2.0,0.08000000000000007,0.04167269640056808,3.0,Home,0.5531554192078514,Over,0.5542992304610574,4.495814695500661,3.978520585266152,ðŸ”¥,ðŸ”¥
2025-04-02,St. Louis Cardinals,Los Angeles Angels,MyBookie.ag,2.24,1.68,1.5,1.62,-1.5,2.4,8.5,1.98,1.87,4-2,5.0,4-2,12.0,-0.5600000000000003,-0.28768207245178107,-3.0,Home,0.536864912949848,Over,0.5129643061846526,5.566262959869275,3.5300731896876827,ðŸ”¥,ðŸ”¥
2025-04-02,Chicago White Sox,Minnesota Twins,MyBookie.ag,1.53,2.59,-1.5,1.91,1.5,1.91,7.0,1.85,2.0,2-4,6.0,2-4,1.0,1.0599999999999998,0.5263901403071023,3.0,Away,0.5850040460486963,Over,0.7332014603161331,4.2775165854222115,3.833339526938409,ðŸ”¥ðŸ”¥,ðŸ”¥ðŸ”¥ðŸ”¥
2025-04-02,Toronto Blue Jays,Washington Nationals,MyBookie.ag,1.88,1.97,-1.5,2.45,1.5,1.59,8.5,1.98,1.87,1-5,2.0,5-2,4.0,0.09000000000000008,0.046761765908039286,3.0,Away,0.5057369349836491,Over,0.5800842475488055,5.906382078150594,3.841553256694624,ðŸ”¥,ðŸ”¥
2025-04-02,Oakland Athletics,Chicago Cubs,MyBookie.ag,2.02,1.84,-1.5,2.6,1.5,1.5,8.5,1.83,2.03,,,,,-0.17999999999999994,-0.09333193979221911,3.0,Home,0.6551419572817117,Under,0.890662845345771,4.089322015373326,4.1961053899272125,ðŸ”¥ðŸ”¥,ðŸ”¥ðŸ”¥ðŸ”¥ðŸ”¥ðŸ”¥
2025-04-02,San Diego Padres,Cleveland Guardians,MyBookie.ag,2.6,1.52,1.5,1.74,-1.5,2.13,7.5,1.86,1.99,2-4,2.0,7-0,5.0,-1.08,-0.5368011101692512,-3.0,Home,0.8112959961020119,Under,0.7209499056642354,5.160132724644638,2.8693157585134847,ðŸ”¥ðŸ”¥ðŸ”¥ðŸ”¥,ðŸ”¥ðŸ”¥ðŸ”¥
2025-04-02,Seattle Mariners,Detroit Tigers,MyBookie.ag,1.78,2.09,-1.5,2.45,1.5,1.59,6.5,1.95,1.9,2-4,2.0,3-4,3.0,0.30999999999999983,0.16055070167272575,3.0,Away,0.5545385782974215,Under,0.5344151271908426,4.375299068919289,2.412845524313892,ðŸ”¥,ðŸ”¥
2025-04-02,Houston Astros,San Francisco Giants,MyBookie.ag,2.42,1.59,1.5,1.66,-1.5,2.31,7.5,1.98,1.87,5-1,6.0,2-4,3.0,-0.8299999999999998,-0.4200335239364548,-3.0,Home,0.8112959961020119,Under,0.5017141052302605,4.730747210776797,3.3638857986487003,ðŸ”¥ðŸ”¥ðŸ”¥ðŸ”¥,ðŸ”¥
2025-04-02,Miami Marlins,New York Mets,MyBookie.ag,1.45,2.85,-1.5,1.77,1.5,2.1,9.0,2.03,1.83,3-3,6.0,4-3,5.0,1.4000000000000001,0.6757554378480762,3.0,Away,0.547866458500217,Over,0.847322930744741,5.117109199880278,6.794626073459839,ðŸ”¥,ðŸ”¥ðŸ”¥ðŸ”¥ðŸ”¥
2025-04-02,Baltimore Orioles,Boston Red Sox,MyBookie.ag,1.83,2.03,-1.5,2.45,1.5,1.59,7.5,1.87,1.98,2-4,3.0,3-3,0.0,0.19999999999999973,0.10371982620036631,3.0,Home,0.7128665707406929,Under,0.5916621442559495,3.856179918269981,3.025939475581749,ðŸ”¥ðŸ”¥ðŸ”¥,ðŸ”¥ðŸ”¥
2025-04-02,Philadelphia Phillies,Colorado Rockies,MyBookie.ag,3.7,1.3,1.5,2.25,-1.5,1.69,7.0,1.9,1.95,1-4,1.0,4-1,5.0,-2.4000000000000004,-1.0459685551826876,-3.0,Home,0.7735169403514501,Under,0.7413189058118183,5.394933173386475,2.1876965085046525,ðŸ”¥ðŸ”¥ðŸ”¥,ðŸ”¥ðŸ”¥ðŸ”¥
2025-04-02,New York Yankees,Arizona Diamondbacks,MyBookie.ag,2.21,1.7,1.5,1.59,-1.5,2.45,8.0,2.03,1.83,4-2,4.0,3-2,3.0,-0.51,-0.262364264467491,-3.0,Home,0.5946593645341357,Under,0.7679596089471885,4.374172778154752,4.55895335473667,ðŸ”¥ðŸ”¥,ðŸ”¥ðŸ”¥ðŸ”¥
2025-04-03,Los Angeles Dodgers,Atlanta Braves,MyBookie.ag,3.14,1.39,1.5,2.05,-1.5,1.8,8.0,1.86,1.99,,,,,-1.7500000000000002,-0.8149190527775617,-3.0,Home,0.885429927295354,Under,0.8662234004024204,3.8853147309017757,3.570632331353455,ðŸ”¥ðŸ”¥ðŸ”¥ðŸ”¥ðŸ”¥,ðŸ”¥ðŸ”¥ðŸ”¥ðŸ”¥
2025-04-03,Baltimore Orioles,Boston Red Sox,MyBookie.ag,2.07,1.79,1.5,1.5,-1.5,2.6,9.5,1.93,1.91,3-4,8.0,3-4,4.0,-0.2799999999999998,-0.145332987424614,-3.0,Home,0.565362440256219,Over,0.5772756019026295,8.805137989515924,3.8790936594153504,ðŸ”¥,ðŸ”¥
2025-04-03,Philadelphia Phillies,Colorado Rockies,MyBookie.ag,2.8,1.47,1.5,1.97,-1.5,1.85,10.0,1.9,1.95,1-5,1.0,5-1,3.0,-1.3299999999999998,-0.6443570163905132,-3.0,Home,0.8899560761027004,Under,0.7857717193837672,4.411433213382995,3.6776787433991065,ðŸ”¥ðŸ”¥ðŸ”¥ðŸ”¥ðŸ”¥,ðŸ”¥ðŸ”¥ðŸ”¥ðŸ”¥
2025-04-03,Minnesota Twins,Houston Astros,MyBookie.ag,2.22,1.69,1.5,1.53,-1.5,2.55,7.0,1.83,2.03,3-4,5.0,2-5,2.0,-0.5300000000000002,-0.2727786669492061,-3.0,Away,0.6175973144863152,Over,0.7711647988483842,4.452599229431708,5.376757211443986,ðŸ”¥ðŸ”¥,ðŸ”¥ðŸ”¥ðŸ”¥
2025-04-03,New York Yankees,Arizona Diamondbacks,MyBookie.ag,2.02,1.84,1.5,1.53,-1.5,2.55,10.0,1.9,1.94,4-3,7.0,4-2,9.0,-0.17999999999999994,-0.09333193979221911,-3.0,Home,0.5998913656542049,Over,0.61609645913037,6.048522546266072,5.314871245352835,ðŸ”¥ðŸ”¥,ðŸ”¥ðŸ”¥
2025-04-03,Milwaukee Brewers,Cincinnati Reds,MyBookie.ag,2.03,1.83,1.5,1.5,-1.5,2.6,8.0,1.9,1.95,2-5,0.0,3-4,1.0,-0.19999999999999973,-0.10371982620036625,-3.0,Away,0.6689561706200093,Over,0.5314452196819922,3.3170070498822732,1.9651150798660229,ðŸ”¥ðŸ”¥ðŸ”¥,ðŸ”¥
2025-04-04,Detroit Tigers,Chicago White Sox,MyBookie.ag,3.21,1.38,1.5,2.0,-1.5,1.84,7.0,1.83,2.03,2-5,4.0,3-4,7.0,-1.83,-0.8441874379728111,-3.0,Home,0.7735169403514501,Over,0.5368515519709778,5.394933173386475,2.1876965085046525,ðŸ”¥ðŸ”¥ðŸ”¥,ðŸ”¥
2025-04-04,Boston Red Sox,St. Louis Cardinals,MyBookie.ag,2.06,1.8,1.5,1.55,-1.5,2.54,9.0,1.89,1.95,4-3,9.0,4-4,13.0,-0.26,-0.13491931789937076,-3.0,Away,0.634981041886167,Over,0.7051015274004127,10.279191163218027,3.967974424188494,ðŸ”¥ðŸ”¥,ðŸ”¥ðŸ”¥ðŸ”¥
2025-04-04,Chicago Cubs,San Diego Padres,MyBookie.ag,2.43,1.59,1.5,1.69,-1.5,2.25,7.0,1.93,1.91,7-1,1.0,6-4,3.0,-0.8400000000000001,-0.4241572411203169,-3.0,Home,0.7735169403514501,Over,0.6067684957611288,5.018013557881837,2.875180522116942,ðŸ”¥ðŸ”¥ðŸ”¥,ðŸ”¥ðŸ”¥
2025-04-04,New York Mets,Toronto Blue Jays,MyBookie.ag,2.08,1.78,1.5,1.56,-1.5,2.5,7.5,1.95,1.89,5-3,0.0,4-3,5.0,-0.30000000000000004,-0.15575452940923287,-3.0,Away,0.6618015718039931,Under,0.7064651164789307,4.607310426366316,2.5533701331588046,ðŸ”¥ðŸ”¥,ðŸ”¥ðŸ”¥ðŸ”¥
2025-04-04,Colorado Rockies,Oakland Athletics,MyBookie.ag,1.85,2.02,-1.5,2.35,1.5,1.65,9.5,2.03,1.83,,,,,0.16999999999999993,0.08791187232287989,3.0,Home,0.7428134526963752,Under,0.5882371005791476,5.277582117649676,4.72144874150558,ðŸ”¥ðŸ”¥ðŸ”¥,ðŸ”¥
2025-04-04,Pittsburgh Pirates,New York Yankees,MyBookie.ag,1.58,2.44,-1.5,2.02,1.5,1.82,7.5,1.87,1.98,5-2,9.0,2-6,4.0,0.8599999999999999,0.4345731922662349,3.0,Away,0.5850040460486963,Under,0.6346315672420837,4.2775165854222115,4.101660963727396,ðŸ”¥ðŸ”¥,ðŸ”¥ðŸ”¥
2025-04-04,San Francisco Giants,Seattle Mariners,MyBookie.ag,2.21,1.69,1.5,1.57,-1.5,2.48,7.5,1.88,1.96,3-5,9.0,6-1,10.0,-0.52,-0.2682639865946794,-3.0,Away,0.5619762786859408,Over,0.8089635919367775,4.5645831446344,5.7548004046584404,ðŸ”¥,ðŸ”¥ðŸ”¥ðŸ”¥ðŸ”¥
2025-04-04,Washington Nationals,Arizona Diamondbacks,MyBookie.ag,1.67,2.27,-1.5,2.15,1.5,1.74,8.5,1.99,1.86,5-3,6.0,1-6,4.0,0.6000000000000001,0.3069562050646477,3.0,Away,0.5752676931768557,Over,0.8007109603003797,3.852278305447907,6.357797948743038,ðŸ”¥,ðŸ”¥ðŸ”¥ðŸ”¥ðŸ”¥
2025-04-04,Philadelphia Phillies,Los Angeles Dodgers,MyBookie.ag,1.71,2.19,-1.5,2.25,1.5,1.7,8.0,1.93,1.93,8-1,2.0,6-1,3.0,0.48,0.24740817331384096,3.0,Home,0.6109487555406944,Under,0.7517163731325343,4.225093336961134,1.6859174918079078,ðŸ”¥ðŸ”¥,ðŸ”¥ðŸ”¥ðŸ”¥
2025-04-04,Atlanta Braves,Miami Marlins,MyBookie.ag,2.97,1.42,1.5,1.87,-1.5,1.95,7.5,1.9,1.95,4-4,0.0,1-7,10.0,-1.5500000000000003,-0.737905081201439,-3.0,Home,0.8112959961020119,Over,0.5911771274022354,5.107666826281435,2.7313712179762706,ðŸ”¥ðŸ”¥ðŸ”¥ðŸ”¥,ðŸ”¥
2025-04-04,Kansas City Royals,Baltimore Orioles,MyBookie.ag,1.93,1.92,1.5,1.42,-1.5,2.8,8.0,2.0,1.85,3-5,2.0,3-4,8.0,-0.010000000000000009,-0.005194816877104023,-3.0,Home,0.5391684147334923,Over,0.6416548854106897,4.095215240450236,4.054896722051864,ðŸ”¥,ðŸ”¥ðŸ”¥
2025-04-05,Los Angeles Angels,Cleveland Guardians,MyBookie.ag,1.87,1.97,-1.5,2.45,1.5,1.59,8.0,1.98,1.87,3-5,4.0,5-3,10.0,0.09999999999999987,0.05209511188340187,3.0,Home,0.9140981487268873,Under,0.5278761447274882,6.423827024741668,2.219641380341587,ðŸ”¥ðŸ”¥ðŸ”¥ðŸ”¥ðŸ”¥,ðŸ”¥
2025-04-05,Detroit Tigers,Chicago White Sox,MyBookie.ag,3.0,1.42,1.5,1.91,-1.5,1.91,7.5,2.01,1.84,2-6,2.0,4-4,7.0,-1.58,-0.7479554170549403,-3.0,Home,0.8112959961020119,Over,0.6491346782606744,5.107666826281435,2.7313712179762706,ðŸ”¥ðŸ”¥ðŸ”¥ðŸ”¥,ðŸ”¥ðŸ”¥
2025-04-05,Minnesota Twins,Houston Astros,MyBookie.ag,2.06,1.8,1.5,1.5,-1.5,2.6,7.5,1.86,1.99,3-5,1.0,3-5,6.0,-0.26,-0.13491931789937076,-3.0,Away,0.7882088433896312,Under,0.8374494339604687,4.993619482148782,2.027966922626568,ðŸ”¥ðŸ”¥ðŸ”¥,ðŸ”¥ðŸ”¥ðŸ”¥ðŸ”¥
2025-04-05,Chicago Cubs,San Diego Padres,MyBookie.ag,2.01,1.84,1.5,1.43,-1.5,2.75,7.0,1.98,1.87,7-2,1.0,7-4,7.0,-0.1699999999999997,-0.08836915045008996,-3.0,Away,0.5376917506085547,Under,0.8746620077385718,1.538600415853232,2.4736603465461395,ðŸ”¥,ðŸ”¥ðŸ”¥ðŸ”¥ðŸ”¥ðŸ”¥
2025-04-05,Washington Nationals,Arizona Diamondbacks,MyBookie.ag,1.73,2.16,-1.5,2.2,1.5,1.71,9.0,1.94,1.9,5-4,3.0,2-6,4.0,0.43000000000000016,0.22198681318638608,3.0,Away,0.547866458500217,Under,0.8082532395239858,4.291016465592739,4.304564806143822,ðŸ”¥,ðŸ”¥ðŸ”¥ðŸ”¥ðŸ”¥
2025-04-05,Philadelphia Phillies,Los Angeles Dodgers,MyBookie.ag,1.88,1.98,-1.5,2.5,1.5,1.56,8.5,1.89,1.96,9-1,3.0,6-2,1.0,0.10000000000000009,0.051825067864586155,3.0,Home,0.8278133222706715,Under,0.800417041699844,4.171831103797329,3.790169484077097,ðŸ”¥ðŸ”¥ðŸ”¥ðŸ”¥,ðŸ”¥ðŸ”¥ðŸ”¥ðŸ”¥
2025-04-05,Pittsburgh Pirates,New York Yankees,MyBookie.ag,1.64,2.33,-1.5,1.98,1.5,1.85,10.0,1.97,1.88,6-2,10.0,2-7,4.0,0.6900000000000002,0.35117202574150225,3.0,Away,0.547866458500217,Over,0.8588838951409897,5.117109199880278,6.794626073459839,ðŸ”¥,ðŸ”¥ðŸ”¥ðŸ”¥ðŸ”¥
2025-04-05,Kansas City Royals,Baltimore Orioles,MyBookie.ag,1.97,1.88,1.5,1.45,-1.5,2.7,8.0,1.92,1.92,4-5,8.0,3-5,1.0,-0.09000000000000008,-0.04676176590803933,-3.0,Away,0.6415516561276327,Over,0.8223563944865577,3.0900411684614117,6.618718895222768,ðŸ”¥ðŸ”¥,ðŸ”¥ðŸ”¥ðŸ”¥ðŸ”¥
2025-04-05,Boston Red Sox,St. Louis Cardinals,MyBookie.ag,2.05,1.81,1.5,1.53,-1.5,2.55,9.0,2.0,1.85,9-9,,10-10,,-0.23999999999999977,-0.1245129478725823,-3.0,Away,0.6707121763789348,Under,0.7568009384785866,6.048522546266072,3.3721062449966537,ðŸ”¥ðŸ”¥ðŸ”¥,ðŸ”¥ðŸ”¥ðŸ”¥
2025-04-05,Texas Rangers,Tampa Bay Rays,MyBookie.ag,2.49,1.57,1.5,1.71,-1.5,2.2,7.5,1.9,1.95,4-4,4.0,7-2,6.0,-0.9200000000000002,-0.4612070911163996,-3.0,Home,0.8112959961020119,Over,0.8377029397090064,4.730747210776797,3.2363436527590745,ðŸ”¥ðŸ”¥ðŸ”¥ðŸ”¥,ðŸ”¥ðŸ”¥ðŸ”¥ðŸ”¥
2025-04-05,Milwaukee Brewers,Cincinnati Reds,MyBookie.ag,1.99,1.86,1.5,1.48,-1.5,2.65,8.0,1.87,1.98,3-6,11.0,4-5,7.0,-0.1299999999999999,-0.06755815101129109,-3.0,Home,0.7746246039962743,Over,0.8405885950825922,3.3495735411474876,6.618718895222768,ðŸ”¥ðŸ”¥ðŸ”¥,ðŸ”¥ðŸ”¥ðŸ”¥ðŸ”¥
2025-04-05,New York Mets,Toronto Blue Jays,MyBookie.ag,2.06,1.8,1.5,1.53,-1.5,2.55,7.5,1.85,2.0,5-4,2.0,5-3,3.0,-0.26,-0.13491931789937076,-3.0,Away,0.7882088433896312,Under,0.7732445727592431,4.993619482148782,2.027966922626568,ðŸ”¥ðŸ”¥ðŸ”¥,ðŸ”¥ðŸ”¥ðŸ”¥
2025-04-05,Atlanta Braves,Miami Marlins,MyBookie.ag,3.1,1.39,1.5,2.05,-1.5,1.8,8.5,1.95,1.9,5-4,4.0,1-8,0.0,-1.7100000000000002,-0.8020983643485002,-3.0,Home,0.8592837168465792,Under,0.8029048789024908,3.7513495666626557,3.952770069678886,ðŸ”¥ðŸ”¥ðŸ”¥ðŸ”¥,ðŸ”¥ðŸ”¥ðŸ”¥ðŸ”¥
2025-04-06,Washington Nationals,Arizona Diamondbacks,MyBookie.ag,1.56,2.51,-1.5,1.95,1.5,1.87,7.5,1.85,2.0,5-5,4.0,3-6,5.0,0.9499999999999997,0.4755969318822467,3.0,Away,0.5850040460486963,Over,0.7332014603161331,4.2775165854222115,4.101660963727396,ðŸ”¥ðŸ”¥,ðŸ”¥ðŸ”¥ðŸ”¥
2025-04-06,Atlanta Braves,Miami Marlins,MyBookie.ag,2.4,1.61,1.5,1.62,-1.5,2.37,7.5,1.99,1.86,8-10,,5-13,,-0.7899999999999998,-0.39923455835752825,-3.0,Home,0.8112959961020119,Under,0.579523532947031,6.1898863425024775,3.200616516080451,ðŸ”¥ðŸ”¥ðŸ”¥ðŸ”¥,ðŸ”¥
2025-04-06,Philadelphia Phillies,Los Angeles Dodgers,MyBookie.ag,1.76,2.12,-1.5,2.35,1.5,1.65,7.5,2.04,1.81,9-2,7.0,7-2,8.0,0.3600000000000001,0.1861022796338607,3.0,Away,0.5850040460486963,Over,0.617897960551298,4.126497195072563,2.459957438543956,ðŸ”¥ðŸ”¥,ðŸ”¥ðŸ”¥
2025-04-06,Pittsburgh Pirates,New York Yankees,MyBookie.ag,1.6,2.41,-1.5,1.95,1.5,1.87,9.0,1.98,1.87,6-3,4.0,3-7,5.0,0.81,0.4096231182568281,3.0,Away,0.547866458500217,Over,0.8436522492664582,5.117109199880278,6.794626073459839,ðŸ”¥,ðŸ”¥ðŸ”¥ðŸ”¥ðŸ”¥
2025-04-06,Detroit Tigers,Chicago White Sox,MyBookie.ag,2.61,1.52,1.5,1.77,-1.5,2.1,7.5,2.0,1.85,2-7,3.0,5-4,4.0,-1.0899999999999999,-0.5406398864764169,-3.0,Home,0.8112959961020119,Under,0.6292436216187919,5.107666826281435,2.7313712179762706,ðŸ”¥ðŸ”¥ðŸ”¥ðŸ”¥,ðŸ”¥ðŸ”¥
2025-04-06,New York Mets,Toronto Blue Jays,MyBookie.ag,2.25,1.68,1.5,1.59,-1.5,2.45,7.0,1.91,1.94,5-5,1.0,6-3,2.0,-0.5700000000000001,-0.2921364228011613,-3.0,Home,0.6014861189006234,Under,0.5645535802139646,4.879686725287506,2.7119112395486926,ðŸ”¥ðŸ”¥,ðŸ”¥
2025-04-06,Kansas City Royals,Baltimore Orioles,MyBookie.ag,1.94,1.91,-1.5,2.55,1.5,1.53,8.0,1.99,1.86,4-6,1.0,4-5,4.0,-0.030000000000000027,-0.015584731016698316,3.0,Home,0.6510806736406397,Over,0.5777119947717092,4.796810723495196,3.9072887189204835,ðŸ”¥ðŸ”¥,ðŸ”¥
2025-04-06,Milwaukee Brewers,Cincinnati Reds,MyBookie.ag,2.25,1.68,1.5,1.59,-1.5,2.45,8.5,1.96,1.89,3-7,2.0,5-5,8.0,-0.5700000000000001,-0.2921364228011613,-3.0,Home,0.7296282263452277,Over,0.5450723753793603,5.947014720520985,3.5300731896876827,ðŸ”¥ðŸ”¥ðŸ”¥,ðŸ”¥
2025-04-06,Minnesota Twins,Houston Astros,MyBookie.ag,1.99,1.86,-1.5,2.55,1.5,1.53,8.5,1.93,1.91,4-5,9.0,3-6,7.0,-0.1299999999999999,-0.06755815101129109,3.0,Home,0.8550084867899851,Over,0.7415034852337228,4.021982862250292,7.288847848123578,ðŸ”¥ðŸ”¥ðŸ”¥ðŸ”¥,ðŸ”¥ðŸ”¥ðŸ”¥
2025-04-06,Chicago Cubs,San Diego Padres,MyBookie.ag,2.15,1.74,1.5,1.56,-1.5,2.5,7.5,2.02,1.83,8-2,8.0,7-5,7.0,-0.4099999999999999,-0.21158272891313376,-3.0,Home,0.5675172689943473,Under,0.7102647168106082,3.1379925588459368,3.6703040065069055,ðŸ”¥,ðŸ”¥ðŸ”¥ðŸ”¥
2025-04-06,Texas Rangers,Tampa Bay Rays,MyBookie.ag,1.89,1.96,-1.5,2.5,1.5,1.56,8.0,1.98,1.87,4-5,3.0,8-2,4.0,0.07000000000000006,0.03636764417087479,3.0,Home,0.7288822438466146,Over,0.5124909660932002,5.039704007904052,3.8543039615686547,ðŸ”¥ðŸ”¥ðŸ”¥,ðŸ”¥
2025-04-06,Colorado Rockies,Oakland Athletics,MyBookie.ag,1.97,1.88,-1.5,2.45,1.5,1.59,10.5,1.97,1.88,,,,,-0.09000000000000008,-0.04676176590803933,3.0,Home,0.7073133268131713,Over,0.7622432017168583,5.421517312313341,7.134743816381404,ðŸ”¥ðŸ”¥ðŸ”¥,ðŸ”¥ðŸ”¥ðŸ”¥
2025-04-06,San Francisco Giants,Seattle Mariners,MyBookie.ag,2.01,1.84,-1.5,2.65,1.5,1.48,7.5,2.01,1.84,3-7,4.0,8-1,5.0,-0.1699999999999997,-0.08836915045008996,3.0,Home,0.6482289418703772,Under,0.7391249941163841,2.6940897152236154,2.2301847329765163,ðŸ”¥ðŸ”¥,ðŸ”¥ðŸ”¥ðŸ”¥
2025-04-06,Los Angeles Angels,Cleveland Guardians,MyBookie.ag,1.91,1.94,-1.5,2.45,1.5,1.59,9.0,1.85,2.0,3-6,2.0,6-3,6.0,0.030000000000000027,0.01558473101669833,3.0,Home,0.6571748454227326,Under,0.7130788814887787,5.617825546580552,4.530429608050266,ðŸ”¥ðŸ”¥,ðŸ”¥ðŸ”¥ðŸ”¥
2025-04-06,Boston Red Sox,St. Louis Cardinals,MyBookie.ag,2.06,1.8,1.5,1.53,-1.5,2.55,9.0,1.92,1.93,4-5,7.0,6-4,18.0,-0.26,-0.13491931789937076,-3.0,Away,0.634981041886167,Under,0.519708781160494,10.279191163218027,3.967974424188494,ðŸ”¥ðŸ”¥,ðŸ”¥
2025-04-06,Boston Red Sox,St. Louis Cardinals,MyBookie.ag,2.06,1.8,1.5,1.53,-1.5,2.55,9.0,1.92,1.93,4-5,7.0,6-4,18.0,-0.26,-0.13491931789937076,-3.0,Away,0.634981041886167,Under,0.519708781160494,10.279191163218027,3.967974424188494,ðŸ”¥ðŸ”¥,ðŸ”¥
2025-04-07,Detroit Tigers,New York Yankees,MyBookie.ag,1.61,2.39,-1.5,2.02,1.5,1.82,8.5,1.97,1.88,6-4,2.0,6-4,6.0,0.78,0.39505918694704767,3.0,Away,0.5752676931768557,Over,0.7121543888849629,3.8098914862068485,6.32475606500539,ðŸ”¥,ðŸ”¥ðŸ”¥ðŸ”¥
2025-04-07,Pittsburgh Pirates,St. Louis Cardinals,MyBookie.ag,1.8,2.06,-1.5,2.38,1.5,1.63,8.0,1.89,1.96,4-6,4.0,4-7,8.0,0.26,0.13491931789937064,3.0,Home,0.7951332786129578,Under,0.5405128756805898,5.503632721932303,3.064801050289856,ðŸ”¥ðŸ”¥ðŸ”¥,ðŸ”¥
2025-04-07,Boston Red Sox,Toronto Blue Jays,MyBookie.ag,2.14,1.74,1.5,1.59,-1.5,2.45,8.5,1.85,2.0,6-5,6.0,6-5,2.0,-0.40000000000000013,-0.2069207158073225,-3.0,Home,0.6650896280399559,Under,0.5987927036745705,3.767553390461775,4.87548443172732,ðŸ”¥ðŸ”¥ðŸ”¥,ðŸ”¥ðŸ”¥
2025-04-07,Washington Nationals,Los Angeles Dodgers,MyBookie.ag,1.48,2.73,-1.5,1.84,1.5,2.0,7.5,1.9,1.94,9-3,4.0,4-6,6.0,1.25,0.6122595214208446,3.0,Away,0.5850040460486963,Over,0.7166485226581734,4.2775165854222115,4.101660963727396,ðŸ”¥ðŸ”¥,ðŸ”¥ðŸ”¥ðŸ”¥
2025-04-07,New York Mets,Miami Marlins,MyBookie.ag,3.26,1.36,1.5,2.05,-1.5,1.8,7.0,1.83,2.03,5-5,0.0,7-3,2.0,-1.8999999999999997,-0.8742424956306556,-3.0,Home,0.7735169403514501,Under,0.6786097831792428,5.394933173386475,2.1876965085046525,ðŸ”¥ðŸ”¥ðŸ”¥,ðŸ”¥ðŸ”¥
2025-04-07,Chicago Cubs,Texas Rangers,MyBookie.ag,2.1,1.77,1.5,1.48,-1.5,2.65,6.0,1.94,1.91,8-3,0.0,8-5,7.0,-0.33000000000000007,-0.17095779814363954,-3.0,Away,0.7112594740689895,Under,0.5258808607326766,4.00642242086549,2.854958237932076,ðŸ”¥ðŸ”¥ðŸ”¥,ðŸ”¥
2025-04-07,Kansas City Royals,Minnesota Twins,MyBookie.ag,2.0,1.85,-1.5,2.6,1.5,1.5,8.0,1.9,1.94,3-7,2.0,5-5,4.0,-0.1499999999999999,-0.0779615414697118,3.0,Home,0.929848047832531,Under,0.5096470653074573,3.673925292185654,4.6512390275629505,ðŸ”¥ðŸ”¥ðŸ”¥ðŸ”¥ðŸ”¥,ðŸ”¥
2025-04-08,Arizona Diamondbacks,Baltimore Orioles,MyBookie.ag,2.06,1.81,1.5,1.5,-1.5,2.6,8.5,1.99,1.86,5-7,3.0,6-6,4.0,-0.25,-0.12937913752375527,-3.0,Away,0.7191145356001202,Under,0.8550684069702464,8.74701325754115,3.307072734642051,ðŸ”¥ðŸ”¥ðŸ”¥,ðŸ”¥ðŸ”¥ðŸ”¥ðŸ”¥
2025-04-08,Seattle Mariners,Houston Astros,MyBookie.ag,2.4,1.61,1.5,1.61,-1.5,2.43,7.0,1.83,2.02,5-6,2.0,4-8,1.0,-0.7899999999999998,-0.39923455835752825,-3.0,Home,0.7735169403514501,Under,0.5329248001244593,6.077902427299785,2.7119112395486926,ðŸ”¥ðŸ”¥ðŸ”¥,ðŸ”¥
2025-04-08,San Francisco Giants,Cincinnati Reds,MyBookie.ag,2.3,1.65,1.5,1.59,-1.5,2.45,7.0,2.03,1.83,5-7,1.0,8-3,0.0,-0.6499999999999999,-0.3321338350226148,-3.0,Home,0.7735169403514501,Under,0.760375981473552,4.356541150041689,2.7119112395486926,ðŸ”¥ðŸ”¥ðŸ”¥,ðŸ”¥ðŸ”¥ðŸ”¥
2025-04-08,Oakland Athletics,San Diego Padres,MyBookie.ag,1.66,2.29,-1.5,2.1,1.5,1.77,8.0,1.86,1.99,,,,,0.6300000000000001,0.32173421519769646,3.0,Home,0.6109487555406944,Under,0.5214798699076897,5.093572890489732,4.169904035352206,ðŸ”¥ðŸ”¥,ðŸ”¥
2025-04-08,Detroit Tigers,New York Yankees,MyBookie.ag,2.48,1.57,1.5,1.71,-1.5,2.2,,,,6-5,0.0,7-4,5.0,-0.9099999999999999,-0.45718294081667415,-3.0,,,,,,,ðŸ”¥,ðŸ”¥
2025-04-08,Cleveland Guardians,Chicago White Sox,MyBookie.ag,2.65,1.51,1.5,1.74,-1.5,2.15,7.0,1.84,2.01,2-8,0.0,4-6,1.0,-1.14,-0.562449989171298,-3.0,Home,0.7735169403514501,Under,0.6541279565487331,5.394933173386475,2.1876965085046525,ðŸ”¥ðŸ”¥ðŸ”¥,ðŸ”¥ðŸ”¥
2025-04-08,New York Mets,Miami Marlins,MyBookie.ag,3.28,1.36,1.5,2.0,-1.5,1.85,7.0,1.88,1.97,5-6,5.0,8-3,10.0,-1.9199999999999997,-0.8803587226480917,-3.0,Home,0.7735169403514501,Over,0.5320248468451247,5.394933173386475,2.1876965085046525,ðŸ”¥ðŸ”¥ðŸ”¥,ðŸ”¥
2025-04-08,Pittsburgh Pirates,St. Louis Cardinals,MyBookie.ag,2.16,1.73,1.5,1.5,-1.5,2.6,6.5,1.88,1.97,5-6,5.0,4-8,3.0,-0.43000000000000016,-0.2219868131863862,-3.0,Away,0.7010632044809229,Over,0.9146347731411274,4.189254256269255,4.352516638432652,ðŸ”¥ðŸ”¥ðŸ”¥,ðŸ”¥ðŸ”¥ðŸ”¥ðŸ”¥ðŸ”¥
2025-04-08,Boston Red Sox,Toronto Blue Jays,MyBookie.ag,2.7,1.49,1.5,1.83,-1.5,2.0,8.0,2.0,1.85,7-5,6.0,6-6,1.0,-1.2100000000000002,-0.5944756530529157,-3.0,Home,0.885429927295354,Under,0.7859194644833117,3.8853147309017757,3.570632331353455,ðŸ”¥ðŸ”¥ðŸ”¥ðŸ”¥ðŸ”¥,ðŸ”¥ðŸ”¥ðŸ”¥ðŸ”¥
2025-04-08,Washington Nationals,Los Angeles Dodgers,MyBookie.ag,1.54,2.56,-1.5,1.82,1.5,2.01,9.0,1.96,1.89,9-4,2.0,5-6,8.0,1.02,0.5082248420659332,3.0,Away,0.547866458500217,Over,0.8896762094416472,5.117109199880278,6.794626073459839,ðŸ”¥,ðŸ”¥ðŸ”¥ðŸ”¥ðŸ”¥ðŸ”¥
2025-04-08,Tampa Bay Rays,Los Angeles Angels,MyBookie.ag,2.46,1.58,1.5,1.69,-1.5,2.22,8.5,1.91,1.94,7-3,4.0,4-6,3.0,-0.8799999999999999,-0.4427365029053959,-3.0,Home,0.8592837168465792,Under,0.669912646907694,3.5158026992908282,4.090714610216099,ðŸ”¥ðŸ”¥ðŸ”¥ðŸ”¥,ðŸ”¥ðŸ”¥
2025-04-08,Atlanta Braves,Philadelphia Phillies,MyBookie.ag,1.97,1.88,-1.5,2.65,1.5,1.48,7.0,2.01,1.85,7-3,5.0,2-8,7.0,-0.09000000000000008,-0.04676176590803933,3.0,Away,0.5053612318027965,Over,0.7932683578859748,3.970345660953451,5.615423553548951,ðŸ”¥,ðŸ”¥ðŸ”¥ðŸ”¥ðŸ”¥
2025-04-08,Chicago Cubs,Texas Rangers,MyBookie.ag,2.35,1.63,1.5,1.62,-1.5,2.39,8.0,1.93,1.92,8-4,6.0,9-5,10.0,-0.7200000000000002,-0.3658353133373968,-3.0,Home,0.885429927295354,Over,0.5759027316876515,5.235255032992547,3.6801774696246294,ðŸ”¥ðŸ”¥ðŸ”¥ðŸ”¥ðŸ”¥,ðŸ”¥
2025-04-08,Kansas City Royals,Minnesota Twins,MyBookie.ag,2.01,1.84,-1.5,2.65,1.5,1.48,7.5,1.95,1.9,3-8,1.0,6-5,2.0,-0.1699999999999997,-0.08836915045008996,3.0,Home,0.6482289418703772,Under,0.8718487467392817,2.6940897152236154,2.2301847329765163,ðŸ”¥ðŸ”¥,ðŸ”¥ðŸ”¥ðŸ”¥ðŸ”¥
2025-04-09,Colorado Rockies,Milwaukee Brewers,MyBookie.ag,1.61,2.38,-1.5,1.95,1.5,1.87,9.5,1.95,1.9,7-5,17.0,2-9,2.0,0.7699999999999998,0.3908663086870116,3.0,Away,0.547866458500217,Over,0.7832486102762855,5.117109199880278,6.794626073459839,ðŸ”¥,ðŸ”¥ðŸ”¥ðŸ”¥
2025-04-09,Pittsburgh Pirates,St. Louis Cardinals,MyBookie.ag,1.87,1.97,-1.5,2.45,1.5,1.59,8.0,2.0,1.85,5-7,1.0,5-8,2.0,0.09999999999999987,0.05209511188340187,3.0,Home,0.9140981487268873,Under,0.5743138301584072,6.423827024741668,2.219641380341587,ðŸ”¥ðŸ”¥ðŸ”¥ðŸ”¥ðŸ”¥,ðŸ”¥
2025-04-09,Detroit Tigers,New York Yankees,MyBookie.ag,1.64,2.32,-1.5,2.15,1.5,1.74,7.0,1.91,1.93,7-5,4.0,7-5,3.0,0.6799999999999999,0.3468709438421115,3.0,Away,0.5850040460486963,Over,0.7023149990016987,4.363214437889533,3.8663814106760555,ðŸ”¥ðŸ”¥,ðŸ”¥ðŸ”¥ðŸ”¥
2025-04-09,New York Mets,Miami Marlins,MyBookie.ag,2.8,1.47,1.5,1.83,-1.5,2.0,7.0,1.87,1.98,6-6,5.0,8-4,0.0,-1.3299999999999998,-0.6443570163905132,-3.0,Home,0.7735169403514501,Under,0.6317681339918437,5.394933173386475,2.1876965085046525,ðŸ”¥ðŸ”¥ðŸ”¥,ðŸ”¥ðŸ”¥
2025-04-09,Chicago Cubs,Texas Rangers,MyBookie.ag,2.43,1.59,1.5,1.66,-1.5,2.31,7.5,1.91,1.93,9-4,6.0,9-6,2.0,-0.8400000000000001,-0.4241572411203169,-3.0,Home,0.8112959961020119,Over,0.6857295706328979,4.730747210776797,3.3638857986487003,ðŸ”¥ðŸ”¥ðŸ”¥ðŸ”¥,ðŸ”¥ðŸ”¥ðŸ”¥
2025-04-09,Oakland Athletics,San Diego Padres,MyBookie.ag,2.03,1.82,-1.5,2.55,1.5,1.53,10.0,1.94,1.91,,,,,-0.20999999999999974,-0.10919929196499184,3.0,Home,0.524689234806919,Under,0.8535916380684,6.503715559053717,3.3607135077883052,ðŸ”¥,ðŸ”¥ðŸ”¥ðŸ”¥ðŸ”¥
2025-04-09,Arizona Diamondbacks,Baltimore Orioles,MyBookie.ag,2.07,1.8,1.5,1.5,-1.5,2.63,9.0,1.96,1.89,5-8,0.0,7-6,9.0,-0.2699999999999998,-0.1397619423751586,-3.0,Away,0.634981041886167,Under,0.5965068471476648,8.805137989515924,3.8790936594153504,ðŸ”¥ðŸ”¥,ðŸ”¥ðŸ”¥
2025-04-09,San Francisco Giants,Cincinnati Reds,MyBookie.ag,2.23,1.69,1.5,1.56,-1.5,2.52,7.5,1.92,1.93,5-8,6.0,9-3,8.0,-0.54,-0.2772730565370453,-3.0,Away,0.5619762786859408,Over,0.8130781338288732,5.067220400720855,5.779703299277642,ðŸ”¥,ðŸ”¥ðŸ”¥ðŸ”¥ðŸ”¥
2025-04-09,Washington Nationals,Los Angeles Dodgers,MyBookie.ag,1.51,2.63,-1.5,1.84,1.5,2.0,9.0,1.91,1.94,10-4,6.0,5-7,5.0,1.1199999999999999,0.5548741953628402,3.0,Away,0.547866458500217,Over,0.7851146973703997,5.117109199880278,6.794626073459839,ðŸ”¥,ðŸ”¥ðŸ”¥ðŸ”¥ðŸ”¥
2025-04-09,Seattle Mariners,Houston Astros,MyBookie.ag,1.71,2.19,-1.5,2.2,1.5,1.71,7.5,1.98,1.87,5-7,6.0,5-8,7.0,0.48,0.24740817331384096,3.0,Away,0.5850040460486963,Over,0.7116692880575757,3.3236597649437747,1.6507163039207453,ðŸ”¥ðŸ”¥,ðŸ”¥ðŸ”¥ðŸ”¥
2025-04-09,Cleveland Guardians,Chicago White Sox,MyBookie.ag,2.61,1.52,1.5,1.77,-1.5,2.1,7.5,2.03,1.83,2-9,2.0,5-6,3.0,-1.0899999999999999,-0.5406398864764169,-3.0,Home,0.8112959961020119,Under,0.6292436216187919,5.107666826281435,2.7313712179762706,ðŸ”¥ðŸ”¥ðŸ”¥ðŸ”¥,ðŸ”¥ðŸ”¥
2025-04-09,Boston Red Sox,Toronto Blue Jays,MyBookie.ag,2.1,1.77,1.5,1.53,-1.5,2.55,8.0,1.89,1.96,8-5,2.0,6-7,1.0,-0.33000000000000007,-0.17095779814363954,-3.0,Away,0.5097201383135311,Over,0.8516514145195364,3.90446819911251,2.927646604889611,ðŸ”¥,ðŸ”¥ðŸ”¥ðŸ”¥ðŸ”¥
2025-04-09,Tampa Bay Rays,Los Angeles Angels,MyBookie.ag,2.2,1.71,1.5,1.59,-1.5,2.45,8.0,1.93,1.91,7-4,4.0,5-6,5.0,-0.4900000000000002,-0.25196398984970175,-3.0,Home,0.5946593645341357,Over,0.6182273545618961,3.2535644126045145,4.068112114667306,ðŸ”¥ðŸ”¥,ðŸ”¥ðŸ”¥
2025-04-09,Atlanta Braves,Philadelphia Phillies,MyBookie.ag,2.2,1.71,1.5,1.62,-1.5,2.4,8.5,1.86,1.99,8-3,4.0,2-9,3.0,-0.4900000000000002,-0.25196398984970175,-3.0,Home,0.536864912949848,Over,0.7123218591318521,3.9430173382325804,4.122951512940566,ðŸ”¥,ðŸ”¥ðŸ”¥ðŸ”¥
2025-04-09,Kansas City Royals,Minnesota Twins,MyBookie.ag,1.94,1.9,-1.5,2.55,1.5,1.53,7.5,1.88,1.97,4-8,4.0,6-6,0.0,-0.040000000000000036,-0.020834086902842025,3.0,Home,0.7178188572767454,Under,0.5397196335696272,4.026535039279467,3.872087531033321,ðŸ”¥ðŸ”¥ðŸ”¥,ðŸ”¥
2025-04-10,Cleveland Guardians,Chicago White Sox,MyBookie.ag,3.07,1.4,1.5,2.0,-1.5,1.84,7.0,1.85,2.01,2-10,1.0,6-6,6.0,-1.67,-0.7852053249778929,-3.0,Home,0.7735169403514501,Over,0.5368515519709778,5.394933173386475,2.1876965085046525,ðŸ”¥ðŸ”¥ðŸ”¥,ðŸ”¥
2025-04-10,Tampa Bay Rays,Los Angeles Angels,MyBookie.ag,2.0,1.85,1.5,1.48,-1.5,2.65,8.5,1.98,1.87,8-4,11.0,5-7,1.0,-0.1499999999999999,-0.0779615414697118,-3.0,Home,0.8275464923228503,Over,0.6803939497726919,2.5898961072319158,7.920673920550895,ðŸ”¥ðŸ”¥ðŸ”¥ðŸ”¥,ðŸ”¥ðŸ”¥
2025-04-10,Kansas City Royals,Minnesota Twins,MyBookie.ag,2.0,1.85,1.5,1.48,-1.5,2.65,8.5,2.0,1.85,4-9,2.0,7-6,3.0,-0.1499999999999999,-0.0779615414697118,-3.0,Home,0.8275464923228503,Over,0.6472016345505611,2.5898961072319158,7.920673920550895,ðŸ”¥ðŸ”¥ðŸ”¥ðŸ”¥,ðŸ”¥ðŸ”¥
2025-04-10,Colorado Rockies,Milwaukee Brewers,MyBookie.ag,1.78,2.1,-1.5,2.2,1.5,1.71,10.0,1.87,1.98,7-6,2.0,3-9,7.0,0.32000000000000006,0.16532398042538352,3.0,Away,0.5169259609426934,Under,0.9334326530742103,5.179684175856142,4.72144874150558,ðŸ”¥,ðŸ”¥ðŸ”¥ðŸ”¥ðŸ”¥ðŸ”¥
2025-04-10,Boston Red Sox,Toronto Blue Jays,MyBookie.ag,1.94,1.91,1.5,1.45,-1.5,2.7,9.0,1.98,1.87,8-6,3.0,7-7,4.0,-0.030000000000000027,-0.015584731016698316,-3.0,Away,0.7393448860672422,Over,0.5882635607759793,4.966324299525696,5.7245862377372205,ðŸ”¥ðŸ”¥ðŸ”¥,ðŸ”¥
2025-04-10,Atlanta Braves,Philadelphia Phillies,MyBookie.ag,2.06,1.8,1.5,1.48,-1.5,2.65,7.5,2.02,1.83,8-4,2.0,3-9,4.0,-0.26,-0.13491931789937076,-3.0,Away,0.7882088433896312,Under,0.9028937960564566,4.993619482148782,2.027966922626568,ðŸ”¥ðŸ”¥ðŸ”¥,ðŸ”¥ðŸ”¥ðŸ”¥ðŸ”¥ðŸ”¥
2025-04-11,Cleveland Guardians,Kansas City Royals,MyBookie.ag,2.11,1.77,1.5,1.5,-1.5,2.6,7.0,1.98,1.87,7-7,0.0,7-6,7.0,-0.33999999999999986,-0.17570840090223722,-3.0,Away,0.7112594740689895,Under,0.5934620367652361,4.00642242086549,2.854958237932076,ðŸ”¥ðŸ”¥ðŸ”¥,ðŸ”¥ðŸ”¥
2025-04-11,Cincinnati Reds,Pittsburgh Pirates,MyBookie.ag,2.34,1.63,1.5,1.67,-1.5,2.3,8.0,1.86,1.99,5-9,3.0,6-8,5.0,-0.71,-0.36157091455093915,-3.0,Home,0.885429927295354,Under,0.577938869920332,5.235255032992547,3.6801774696246294,ðŸ”¥ðŸ”¥ðŸ”¥ðŸ”¥ðŸ”¥,ðŸ”¥
2025-04-11,Tampa Bay Rays,Atlanta Braves,MyBookie.ag,2.14,1.75,1.5,1.59,-1.5,2.45,9.0,1.9,1.95,3-10,3.0,6-7,6.0,-0.3900000000000001,-0.20119004109833752,-3.0,Home,0.724520712889519,Over,0.7827803924482549,4.720780901736685,4.6873675384345335,ðŸ”¥ðŸ”¥ðŸ”¥,ðŸ”¥ðŸ”¥ðŸ”¥
2025-04-11,Baltimore Orioles,Toronto Blue Jays,MyBookie.ag,2.06,1.8,1.5,1.53,-1.5,2.55,8.0,1.86,1.99,11-8,,7-10,,-0.26,-0.13491931789937076,-3.0,Away,0.6641213324975923,Under,0.6550116142215723,7.292543037899383,1.6852989735659005,ðŸ”¥ðŸ”¥,ðŸ”¥ðŸ”¥
2025-04-11,New York Yankees,San Francisco Giants,MyBookie.ag,2.1,1.77,1.5,1.53,-1.5,2.55,8.0,1.96,1.89,10-3,9.0,7-6,1.0,-0.33000000000000007,-0.17095779814363954,-3.0,Away,0.5097201383135311,Over,0.5568383798524874,3.90446819911251,2.927646604889611,ðŸ”¥,ðŸ”¥
2025-04-11,Miami Marlins,Washington Nationals,MyBookie.ag,1.89,1.96,-1.5,2.45,1.5,1.59,8.0,1.87,1.97,6-7,7.0,6-7,4.0,0.07000000000000006,0.03636764417087479,3.0,Home,0.7288822438466146,Under,0.7207513455491703,5.039704007904052,3.8543039615686547,ðŸ”¥ðŸ”¥ðŸ”¥,ðŸ”¥ðŸ”¥ðŸ”¥
2025-04-11,Chicago White Sox,Boston Red Sox,MyBookie.ag,1.64,2.32,-1.5,2.1,1.5,1.77,8.0,1.96,1.89,7-8,1.0,3-10,11.0,0.6799999999999999,0.3468709438421115,3.0,Home,0.6109487555406944,Over,0.7661991766708107,5.093572890489732,4.169904035352206,ðŸ”¥ðŸ”¥,ðŸ”¥ðŸ”¥ðŸ”¥
2025-04-12,San Diego Padres,Colorado Rockies,MyBookie.ag,2.8,1.47,1.5,1.83,-1.5,2.0,7.5,2.05,1.81,3-11,0.0,12-3,2.0,-1.3299999999999998,-0.6443570163905132,-3.0,Home,0.8112959961020119,Under,0.60734483350838,5.107666826281435,2.7313712179762706,ðŸ”¥ðŸ”¥ðŸ”¥ðŸ”¥,ðŸ”¥ðŸ”¥
2025-04-12,Seattle Mariners,Texas Rangers,MyBookie.ag,1.8,2.06,-1.5,2.45,1.5,1.59,6.5,1.84,2.02,9-6,2.0,7-8,9.0,0.26,0.13491931789937064,3.0,Home,0.6367991027950597,Under,0.5049377731138358,4.822427436498799,2.9824879481726296,ðŸ”¥ðŸ”¥,ðŸ”¥
2025-04-12,Arizona Diamondbacks,Milwaukee Brewers,MyBookie.ag,2.34,1.63,1.5,1.67,-1.5,2.3,8.5,1.83,2.03,8-7,4.0,8-7,5.0,-0.71,-0.36157091455093915,-3.0,Home,0.8592837168465792,Over,0.5660355581006304,5.145407485667226,3.8439554486244822,ðŸ”¥ðŸ”¥ðŸ”¥ðŸ”¥,ðŸ”¥
2025-04-12,Los Angeles Dodgers,Chicago Cubs,MyBookie.ag,2.61,1.52,1.5,1.8,-1.5,2.05,8.0,1.96,1.89,10-7,16.0,11-5,0.0,-1.0899999999999999,-0.5406398864764169,-3.0,Home,0.885429927295354,Under,0.7398068654325547,3.8853147309017757,3.570632331353455,ðŸ”¥ðŸ”¥ðŸ”¥ðŸ”¥ðŸ”¥,ðŸ”¥ðŸ”¥ðŸ”¥
2025-04-12,Minnesota Twins,Detroit Tigers,MyBookie.ag,2.2,1.71,1.5,1.62,-1.5,2.4,9.0,2.0,1.85,9-5,4.0,4-11,0.0,-0.4900000000000002,-0.25196398984970175,-3.0,Home,0.6055552616334775,Under,0.7228332182433164,4.398310401454963,3.8289068457790334,ðŸ”¥ðŸ”¥,ðŸ”¥ðŸ”¥ðŸ”¥
2025-04-12,St. Louis Cardinals,Philadelphia Phillies,MyBookie.ag,1.59,2.42,-1.5,2.0,1.5,1.83,8.0,1.97,1.88,9-5,4.0,6-8,1.0,0.8299999999999998,0.4200335239364548,3.0,Home,0.6109487555406944,Over,0.6112723213924239,5.051186071248672,4.136862151614559,ðŸ”¥ðŸ”¥,ðŸ”¥ðŸ”¥
2025-04-12,New York Yankees,San Francisco Giants,MyBookie.ag,2.16,1.73,1.5,1.59,-1.5,2.45,8.0,1.86,1.99,10-4,4.0,8-6,8.0,-0.43000000000000016,-0.2219868131863862,-3.0,Home,0.5025643578147865,Over,0.5145598635446051,3.836982364202106,3.9853479638622495,ðŸ”¥,ðŸ”¥
2025-04-12,Baltimore Orioles,Toronto Blue Jays,MyBookie.ag,2.08,1.79,1.5,1.53,-1.5,2.55,8.0,1.87,1.98,8-7,4.0,6-8,5.0,-0.29000000000000004,-0.15015227386056304,-3.0,Home,0.5618559565190511,Over,0.8699838674992693,6.407650092805624,2.125411722975732,ðŸ”¥,ðŸ”¥ðŸ”¥ðŸ”¥ðŸ”¥
2025-04-12,Oakland Athletics,New York Mets,MyBookie.ag,1.71,2.2,-1.5,2.15,1.5,1.74,9.0,1.86,1.99,,,,,0.4900000000000002,0.2519639898497018,3.0,Away,0.547866458500217,Under,0.9253012927036928,4.291016465592739,4.304564806143822,ðŸ”¥,ðŸ”¥ðŸ”¥ðŸ”¥ðŸ”¥ðŸ”¥
2025-04-12,Tampa Bay Rays,Atlanta Braves,MyBookie.ag,2.16,1.74,1.5,1.59,-1.5,2.45,8.5,1.86,2.0,4-10,5.0,6-8,4.0,-0.42000000000000015,-0.21622310846963608,-3.0,Away,0.5517786882037171,Over,0.6230753342818022,4.49232080924706,4.122951512940566,ðŸ”¥,ðŸ”¥ðŸ”¥
2025-04-12,Chicago White Sox,Boston Red Sox,MyBookie.ag,1.62,2.37,-1.5,2.05,1.5,1.8,8.0,2.0,1.85,7-9,2.0,4-10,3.0,0.75,0.38046380590274714,3.0,Home,0.6109487555406944,Over,0.5360416703582239,5.051186071248672,4.136862151614559,ðŸ”¥ðŸ”¥,ðŸ”¥
2025-04-12,Miami Marlins,Washington Nationals,MyBookie.ag,2.32,1.64,1.5,1.65,-1.5,2.35,7.5,1.88,1.97,6-8,6.0,7-7,7.0,-0.6799999999999999,-0.3468709438421116,-3.0,Home,0.8112959961020119,Over,0.8449198111125579,4.468525065244382,3.200616516080451,ðŸ”¥ðŸ”¥ðŸ”¥ðŸ”¥,ðŸ”¥ðŸ”¥ðŸ”¥ðŸ”¥
2025-04-12,Cleveland Guardians,Kansas City Royals,MyBookie.ag,2.09,1.78,1.5,1.53,-1.5,2.55,7.5,1.88,1.96,7-8,3.0,8-6,6.0,-0.30999999999999983,-0.16055070167272573,-3.0,Away,0.6618015718039931,Over,0.8878057369140795,5.320449414959468,2.6886216929658575,ðŸ”¥ðŸ”¥,ðŸ”¥ðŸ”¥ðŸ”¥ðŸ”¥ðŸ”¥
2025-04-12,Cincinnati Reds,Pittsburgh Pirates,MyBookie.ag,2.08,1.79,1.5,1.5,-1.5,2.6,8.0,1.86,1.99,5-10,2.0,7-8,5.0,-0.29000000000000004,-0.15015227386056304,-3.0,Home,0.5618559565190511,Over,0.6010439711694708,6.407650092805624,2.125411722975732,ðŸ”¥,ðŸ”¥ðŸ”¥
2025-04-12,Houston Astros,Los Angeles Angels,MyBookie.ag,2.27,1.67,1.5,1.65,-1.5,2.35,9.0,1.97,1.88,9-5,4.0,6-8,1.0,-0.6000000000000001,-0.30695620506464766,-3.0,Home,0.7813714067701435,Under,0.6606500561032971,5.333282027225573,3.6809339797731497,ðŸ”¥ðŸ”¥ðŸ”¥,ðŸ”¥ðŸ”¥
2025-04-13,Baltimore Orioles,Toronto Blue Jays,MyBookie.ag,2.15,1.74,1.5,1.56,-1.5,2.52,8.5,1.91,1.94,9-7,7.0,6-9,6.0,-0.4099999999999999,-0.21158272891313376,-3.0,Home,0.6650896280399559,Over,0.6658480567202134,3.767553390461775,4.122951512940566,ðŸ”¥ðŸ”¥ðŸ”¥,ðŸ”¥ðŸ”¥
2025-04-13,New York Yankees,San Francisco Giants,MyBookie.ag,2.0,1.85,-1.5,2.65,1.5,1.48,8.0,1.95,1.89,11-4,5.0,8-7,4.0,-0.1499999999999999,-0.0779615414697118,3.0,Home,0.929848047832531,Over,0.7562346058912053,3.673925292185654,4.6512390275629505,ðŸ”¥ðŸ”¥ðŸ”¥ðŸ”¥ðŸ”¥,ðŸ”¥ðŸ”¥ðŸ”¥
2025-04-13,Tampa Bay Rays,Atlanta Braves,MyBookie.ag,1.64,2.32,-1.5,2.09,1.5,1.77,8.0,1.89,1.96,4-11,3.0,7-8,8.0,0.6799999999999999,0.3468709438421115,3.0,Home,0.6109487555406944,Under,0.5377369168218735,5.093572890489732,4.169904035352206,ðŸ”¥ðŸ”¥,ðŸ”¥
2025-04-13,Cincinnati Reds,Pittsburgh Pirates,MyBookie.ag,2.65,1.51,1.5,1.77,-1.5,2.1,7.5,1.94,1.91,5-11,0.0,8-8,4.0,-1.14,-0.562449989171298,-3.0,Home,0.8112959961020119,Under,0.7674856917067858,5.107666826281435,2.7313712179762706,ðŸ”¥ðŸ”¥ðŸ”¥ðŸ”¥,ðŸ”¥ðŸ”¥ðŸ”¥
2025-04-13,Cleveland Guardians,Kansas City Royals,MyBookie.ag,1.76,2.12,-1.5,2.3,1.5,1.67,7.5,2.0,1.85,8-8,4.0,8-7,2.0,0.3600000000000001,0.1861022796338607,3.0,Away,0.5850040460486963,Over,0.6716488212774978,4.126497195072563,2.459957438543956,ðŸ”¥ðŸ”¥,ðŸ”¥ðŸ”¥
2025-04-13,Miami Marlins,Washington Nationals,MyBookie.ag,1.7,2.21,-1.5,2.2,1.5,1.71,8.0,1.95,1.9,6-9,4.0,8-7,11.0,0.51,0.26236426446749106,3.0,Home,0.6109487555406944,Over,0.7156585919294172,5.093572890489732,2.0266966500774926,ðŸ”¥ðŸ”¥,ðŸ”¥ðŸ”¥ðŸ”¥
2025-04-13,Chicago White Sox,Boston Red Sox,MyBookie.ag,1.41,3.02,-1.5,1.8,1.5,2.05,7.0,1.95,1.89,8-9,3.0,4-11,1.0,1.61,0.7616671269967015,3.0,Away,0.5850040460486963,Over,0.5653529743843624,4.2775165854222115,3.833339526938409,ðŸ”¥ðŸ”¥,ðŸ”¥
2025-04-13,Minnesota Twins,Detroit Tigers,MyBookie.ag,2.03,1.83,-1.5,2.6,1.5,1.5,8.5,1.89,1.96,9-6,1.0,5-11,5.0,-0.19999999999999973,-0.10371982620036625,3.0,Away,0.5678978245347345,Under,0.9272929588035079,4.089322015373326,2.6998118182418613,ðŸ”¥,ðŸ”¥ðŸ”¥ðŸ”¥ðŸ”¥ðŸ”¥
2025-04-13,Houston Astros,Los Angeles Angels,MyBookie.ag,2.34,1.63,1.5,1.66,-1.5,2.31,8.5,1.89,1.96,9-6,3.0,7-8,7.0,-0.71,-0.36157091455093915,-3.0,Home,0.8592837168465792,Over,0.860337055585868,5.145407485667226,3.8439554486244822,ðŸ”¥ðŸ”¥ðŸ”¥ðŸ”¥,ðŸ”¥ðŸ”¥ðŸ”¥ðŸ”¥
2025-04-13,St. Louis Cardinals,Philadelphia Phillies,MyBookie.ag,1.54,2.55,-1.5,1.91,1.5,1.91,8.0,1.87,1.98,9-6,0.0,7-8,7.0,1.0099999999999998,0.5043109427447969,3.0,Home,0.6109487555406944,Over,0.5242273396732196,5.051186071248672,4.136862151614559,ðŸ”¥ðŸ”¥,ðŸ”¥
2025-04-13,Oakland Athletics,New York Mets,MyBookie.ag,1.71,2.2,-1.5,2.15,1.5,1.74,9.0,2.03,1.83,,,,,0.4900000000000002,0.2519639898497018,3.0,Away,0.547866458500217,Under,0.7011524512680978,4.291016465592739,4.304564806143822,ðŸ”¥,ðŸ”¥ðŸ”¥ðŸ”¥
2025-04-13,Arizona Diamondbacks,Milwaukee Brewers,MyBookie.ag,2.02,1.83,-1.5,2.65,1.5,1.48,8.0,1.87,1.98,8-8,2.0,9-7,5.0,-0.18999999999999995,-0.09878154455978379,3.0,Home,0.7675302840669016,Under,0.9089336116379128,4.496591166239951,2.1753542837707553,ðŸ”¥ðŸ”¥ðŸ”¥,ðŸ”¥ðŸ”¥ðŸ”¥ðŸ”¥ðŸ”¥
2025-04-13,San Diego Padres,Colorado Rockies,MyBookie.ag,3.04,1.41,1.5,1.91,-1.5,1.91,7.0,1.88,1.97,3-12,0.0,13-3,6.0,-1.6300000000000001,-0.7682678110280535,-3.0,Home,0.7735169403514501,Over,0.5320248468451247,5.394933173386475,2.1876965085046525,ðŸ”¥ðŸ”¥ðŸ”¥,ðŸ”¥
2025-04-13,Seattle Mariners,Texas Rangers,MyBookie.ag,2.06,1.8,1.5,1.48,-1.5,2.65,6.5,1.85,2.01,9-7,1.0,8-8,3.0,-0.26,-0.13491931789937076,-3.0,Away,0.8240944985795551,Under,0.8523232766568702,5.316852998665036,1.2272310369896358,ðŸ”¥ðŸ”¥ðŸ”¥ðŸ”¥,ðŸ”¥ðŸ”¥ðŸ”¥ðŸ”¥
2025-04-13,Los Angeles Dodgers,Chicago Cubs,MyBookie.ag,3.18,1.38,1.5,2.1,-1.5,1.77,9.0,2.01,1.85,11-7,4.0,11-6,2.0,-1.8000000000000003,-0.8347976976229723,-3.0,Home,0.8899560761027004,Under,0.768679783638854,4.411433213382995,3.6776787433991065,ðŸ”¥ðŸ”¥ðŸ”¥ðŸ”¥ðŸ”¥,ðŸ”¥ðŸ”¥ðŸ”¥
2025-04-14,Pittsburgh Pirates,Washington Nationals,MyBookie.ag,2.88,1.44,1.5,1.87,-1.5,1.95,7.0,1.83,2.03,6-10,3.0,6-11,10.0,-1.44,-0.6931471805599453,-3.0,Home,0.7735169403514501,Over,0.579472539820771,5.394933173386475,2.1876965085046525,ðŸ”¥ðŸ”¥ðŸ”¥,ðŸ”¥
2025-04-14,Philadelphia Phillies,San Francisco Giants,MyBookie.ag,2.0,1.85,1.5,1.5,-1.5,2.6,9.0,2.0,1.85,12-4,10.0,9-7,4.0,-0.1499999999999999,-0.0779615414697118,-3.0,Home,0.8727812330479804,Over,0.5280107778473266,5.22585667221177,7.808784788608144,ðŸ”¥ðŸ”¥ðŸ”¥ðŸ”¥,ðŸ”¥
2025-04-14,Tampa Bay Rays,Boston Red Sox,MyBookie.ag,2.09,1.78,1.5,1.53,-1.5,2.58,8.5,1.83,2.03,8-10,1.0,8-8,16.0,-0.30999999999999983,-0.16055070167272573,-3.0,Away,0.5477925132118477,Over,0.5892445815077654,8.543572585479737,3.4539450766583335,ðŸ”¥,ðŸ”¥
2025-04-14,New York Yankees,Kansas City Royals,MyBookie.ag,2.19,1.72,1.5,1.62,-1.5,2.4,9.0,1.98,1.87,8-9,1.0,9-7,4.0,-0.47,-0.24157725300304783,-3.0,Home,0.5182616529471917,Under,0.6920535571771053,4.398310401454963,3.8289068457790334,ðŸ”¥,ðŸ”¥ðŸ”¥ðŸ”¥
2025-04-14,Toronto Blue Jays,Atlanta Braves,MyBookie.ag,1.89,1.95,1.5,1.43,-1.5,2.75,9.5,2.0,1.85,5-11,8.0,9-8,4.0,0.06000000000000005,0.03125254350410453,-3.0,Away,0.8115487487219625,Under,0.5138573560790102,5.162632533792907,5.848748390872401,ðŸ”¥ðŸ”¥ðŸ”¥ðŸ”¥,ðŸ”¥
2025-04-14,Milwaukee Brewers,Detroit Tigers,MyBookie.ag,1.64,2.33,-1.5,2.1,1.5,1.77,7.5,1.98,1.87,10-6,9.0,8-9,1.0,0.6900000000000002,0.35117202574150225,3.0,Away,0.5850040460486963,Over,0.8391060201962675,4.2775165854222115,4.101660963727396,ðŸ”¥ðŸ”¥,ðŸ”¥ðŸ”¥ðŸ”¥ðŸ”¥
2025-04-14,Minnesota Twins,New York Mets,MyBookie.ag,2.01,1.85,1.5,1.5,-1.5,2.6,8.0,2.01,1.84,11-5,5.0,5-12,1.0,-0.1599999999999997,-0.08294908298075078,-3.0,Home,0.8108094942944161,Under,0.8832614359141222,2.5942468202162186,5.354993137833276,ðŸ”¥ðŸ”¥ðŸ”¥,ðŸ”¥ðŸ”¥ðŸ”¥ðŸ”¥ðŸ”¥
2025-04-14,St. Louis Cardinals,Houston Astros,MyBookie.ag,1.96,1.89,-1.5,2.6,1.5,1.5,7.0,1.83,2.03,7-9,3.0,8-8,8.0,-0.07000000000000006,-0.03636764417087483,3.0,Home,0.6452656219437825,Over,0.6574146411295323,4.349768555795721,4.031505342617977,ðŸ”¥ðŸ”¥,ðŸ”¥ðŸ”¥
2025-04-15,San Diego Padres,Chicago Cubs,MyBookie.ag,2.3,1.65,1.5,1.62,-1.5,2.4,7.5,1.98,1.87,12-8,2.0,14-4,1.0,-0.6499999999999999,-0.3321338350226148,-3.0,Home,0.8112959961020119,Under,0.5890039807823525,4.468525065244382,3.200616516080451,ðŸ”¥ðŸ”¥ðŸ”¥ðŸ”¥,ðŸ”¥
2025-04-15,Los Angeles Dodgers,Colorado Rockies,MyBookie.ag,3.62,1.31,2.5,1.83,-2.5,2.0,8.5,1.95,1.9,3-14,2.0,13-6,6.0,-2.31,-1.0164468886246194,-5.0,Home,0.8592837168465792,Under,0.796684912892018,3.7513495666626557,3.952770069678886,ðŸ”¥ðŸ”¥ðŸ”¥ðŸ”¥,ðŸ”¥ðŸ”¥ðŸ”¥ðŸ”¥
2025-04-15,Miami Marlins,Arizona Diamondbacks,MyBookie.ag,1.63,2.34,-1.5,2.05,1.5,1.8,9.0,2.01,1.85,10-7,10.0,8-8,4.0,0.71,0.36157091455093904,3.0,Away,0.547866458500217,Over,0.6584294562411013,5.117109199880278,6.794626073459839,ðŸ”¥,ðŸ”¥ðŸ”¥
2025-04-15,Cincinnati Reds,Seattle Mariners,MyBookie.ag,1.93,1.92,-1.5,2.5,1.5,1.56,8.5,1.82,2.04,8-9,4.0,9-8,8.0,-0.010000000000000009,-0.005194816877104023,3.0,Home,0.6120629661873533,Under,0.6046091747441242,4.721039511411394,4.68453363979244,ðŸ”¥ðŸ”¥,ðŸ”¥ðŸ”¥
2025-04-15,Pittsburgh Pirates,Washington Nationals,MyBookie.ag,2.15,1.74,1.5,1.53,-1.5,2.58,8.5,1.95,1.89,7-10,3.0,6-12,0.0,-0.4099999999999999,-0.21158272891313376,-3.0,Home,0.6650896280399559,Under,0.5905369888256933,3.767553390461775,4.122951512940566,ðŸ”¥ðŸ”¥ðŸ”¥,ðŸ”¥
2025-04-15,Philadelphia Phillies,San Francisco Giants,MyBookie.ag,2.4,1.61,1.5,1.64,-1.5,2.34,8.0,1.87,1.98,12-5,4.0,10-7,6.0,-0.7899999999999998,-0.39923455835752825,-3.0,Home,0.885429927295354,Over,0.741097375281681,5.235255032992547,3.6801774696246294,ðŸ”¥ðŸ”¥ðŸ”¥ðŸ”¥ðŸ”¥,ðŸ”¥ðŸ”¥ðŸ”¥
2025-04-15,Baltimore Orioles,Cleveland Guardians,MyBookie.ag,2.27,1.67,1.5,1.62,-1.5,2.41,9.0,1.99,1.86,9-7,6.0,6-10,3.0,-0.6000000000000001,-0.30695620506464766,-3.0,Home,0.7813714067701435,Under,0.7864049564340552,5.333282027225573,3.6809339797731497,ðŸ”¥ðŸ”¥ðŸ”¥,ðŸ”¥ðŸ”¥ðŸ”¥ðŸ”¥
2025-04-15,Tampa Bay Rays,Boston Red Sox,MyBookie.ag,2.14,1.75,1.5,1.56,-1.5,2.52,9.0,1.98,1.87,9-10,7.0,8-9,4.0,-0.3900000000000001,-0.20119004109833752,-3.0,Home,0.724520712889519,Under,0.5080000295158654,4.720780901736685,4.6873675384345335,ðŸ”¥ðŸ”¥ðŸ”¥,ðŸ”¥
2025-04-15,New York Yankees,Kansas City Royals,MyBookie.ag,2.8,1.46,1.5,1.91,-1.5,1.91,8.5,1.84,2.01,8-10,2.0,10-7,4.0,-1.3399999999999999,-0.6511829814609131,-3.0,Home,0.8592837168465792,Under,0.7590394361210349,3.7513495666626557,3.952770069678886,ðŸ”¥ðŸ”¥ðŸ”¥ðŸ”¥,ðŸ”¥ðŸ”¥ðŸ”¥
2025-04-15,Toronto Blue Jays,Atlanta Braves,MyBookie.ag,1.9,1.95,-1.5,2.5,1.5,1.56,7.5,1.96,1.89,5-12,3.0,10-8,6.0,0.050000000000000044,0.025975486403260736,3.0,Home,0.6185798663870095,Over,0.6963345739281492,4.172581178984407,3.819102773681492,ðŸ”¥ðŸ”¥,ðŸ”¥ðŸ”¥ðŸ”¥
2025-04-15,Chicago White Sox,Oakland Athletics,MyBookie.ag,1.63,2.34,-1.5,2.05,1.5,1.8,7.5,1.86,1.99,,,,,0.71,0.36157091455093904,3.0,Away,0.5850040460486963,Under,0.5653638278737302,4.2775165854222115,4.101660963727396,ðŸ”¥ðŸ”¥,ðŸ”¥
2025-04-15,Milwaukee Brewers,Detroit Tigers,MyBookie.ag,1.87,1.98,-1.5,2.45,1.5,1.59,7.5,1.88,1.97,10-7,0.0,9-9,5.0,0.10999999999999988,0.05715841383994862,3.0,Home,0.849903392478719,Under,0.764704133723578,3.856179918269981,2.1330564198368984,ðŸ”¥ðŸ”¥ðŸ”¥ðŸ”¥,ðŸ”¥ðŸ”¥ðŸ”¥
2025-04-15,Minnesota Twins,New York Mets,MyBookie.ag,1.88,1.97,-1.5,2.5,1.5,1.56,8.0,1.87,1.98,11-6,3.0,6-12,6.0,0.09000000000000008,0.046761765908039286,3.0,Home,0.6993736859427941,Under,0.7555164537051023,6.360236279158866,2.219641380341587,ðŸ”¥ðŸ”¥ðŸ”¥,ðŸ”¥ðŸ”¥ðŸ”¥
2025-04-15,St. Louis Cardinals,Houston Astros,MyBookie.ag,1.79,2.08,-1.5,2.47,1.5,1.59,7.5,1.92,1.92,8-9,2.0,8-9,0.0,0.29000000000000004,0.15015227386056307,3.0,Away,0.5545385782974215,Under,0.5866021470323709,4.052065552403035,2.459957438543956,ðŸ”¥,ðŸ”¥
2025-04-16,Texas Rangers,Los Angeles Angels,MyBookie.ag,2.05,1.81,1.5,1.5,-1.5,2.6,8.5,1.86,1.99,9-8,1.0,11-7,3.0,-0.23999999999999977,-0.1245129478725823,-3.0,Away,0.7295512361057399,Under,0.8235384156559196,3.4125619812862165,2.7112045554502107,ðŸ”¥ðŸ”¥ðŸ”¥,ðŸ”¥ðŸ”¥ðŸ”¥ðŸ”¥
2025-04-16,Los Angeles Dodgers,Colorado Rockies,MyBookie.ag,3.54,1.32,2.5,1.71,-2.5,2.17,8.5,1.99,1.86,3-15,7.0,14-6,8.0,-2.2199999999999998,-0.9864949905474035,-5.0,Home,0.8592837168465792,Over,0.5064348987758833,3.7513495666626557,3.952770069678886,ðŸ”¥ðŸ”¥ðŸ”¥ðŸ”¥,ðŸ”¥
2025-04-16,Toronto Blue Jays,Atlanta Braves,MyBookie.ag,1.74,2.15,-1.5,2.3,1.5,1.67,7.0,1.8,2.02,5-13,1.0,11-8,3.0,0.4099999999999999,0.21158272891313376,3.0,Away,0.5850040460486963,Under,0.7153814862801546,4.449730711588817,2.412845524313892,ðŸ”¥ðŸ”¥,ðŸ”¥ðŸ”¥ðŸ”¥
2025-04-16,Milwaukee Brewers,Detroit Tigers,MyBookie.ag,2.29,1.66,1.5,1.59,-1.5,2.49,8.0,1.87,1.94,10-8,1.0,10-9,5.0,-0.6300000000000001,-0.3217342151976965,-3.0,Home,0.7735157108769939,Under,0.7386064026635147,4.806551132819949,3.6801774696246294,ðŸ”¥ðŸ”¥ðŸ”¥,ðŸ”¥ðŸ”¥ðŸ”¥
2025-04-16,Minnesota Twins,New York Mets,MyBookie.ag,2.01,1.84,-1.5,2.6,1.5,1.5,8.5,1.94,1.87,11-7,3.0,7-12,4.0,-0.1699999999999997,-0.08836915045008996,3.0,Home,0.6595398248788524,Under,0.8484662184585268,4.089322015373326,4.1961053899272125,ðŸ”¥ðŸ”¥,ðŸ”¥ðŸ”¥ðŸ”¥ðŸ”¥
2025-04-16,St. Louis Cardinals,Houston Astros,MyBookie.ag,1.93,1.92,-1.5,2.5,1.5,1.56,8.5,1.96,1.85,8-10,1.0,9-9,4.0,-0.010000000000000009,-0.005194816877104023,3.0,Home,0.6120629661873533,Over,0.7184270317063052,4.721039511411394,4.68453363979244,ðŸ”¥ðŸ”¥,ðŸ”¥ðŸ”¥ðŸ”¥
2025-04-16,San Diego Padres,Chicago Cubs,MyBookie.ag,2.07,1.8,1.5,1.5,-1.5,2.6,7.5,1.89,1.92,12-9,2.0,15-4,4.0,-0.2699999999999998,-0.1397619423751586,-3.0,Away,0.7882088433896312,Under,0.6856114027457655,4.512014782935492,2.024376618975829,ðŸ”¥ðŸ”¥ðŸ”¥,ðŸ”¥ðŸ”¥
2025-04-16,Baltimore Orioles,Cleveland Guardians,MyBookie.ag,2.06,1.8,1.5,1.5,-1.5,2.6,8.0,1.87,1.94,9-8,1.0,7-10,9.0,-0.26,-0.13491931789937076,-3.0,Away,0.6641213324975923,Under,0.795795912479577,7.292543037899383,1.6852989735659005,ðŸ”¥ðŸ”¥,ðŸ”¥ðŸ”¥ðŸ”¥ðŸ”¥
2025-04-16,Miami Marlins,Arizona Diamondbacks,MyBookie.ag,1.68,2.25,-1.5,2.15,1.5,1.74,8.5,1.88,1.93,11-7,6.0,8-9,2.0,0.5700000000000001,0.2921364228011613,3.0,Away,0.5752676931768557,Under,0.5671370046265681,3.852278305447907,4.214590563468326,ðŸ”¥,ðŸ”¥
2025-04-16,Cincinnati Reds,Seattle Mariners,MyBookie.ag,1.81,2.05,-1.5,2.35,1.5,1.65,9.0,2.01,1.81,9-9,5.0,9-9,3.0,0.23999999999999977,0.12451294787258232,3.0,Home,0.7428134526963752,Under,0.6134127714164286,5.277582117649676,4.72144874150558,ðŸ”¥ðŸ”¥ðŸ”¥,ðŸ”¥ðŸ”¥
2025-04-16,Pittsburgh Pirates,Washington Nationals,MyBookie.ag,1.89,1.96,-1.5,2.45,1.5,1.59,8.0,1.85,1.97,7-11,1.0,7-12,6.0,0.07000000000000006,0.03636764417087479,3.0,Home,0.7288822438466146,Under,0.7468179339604314,5.039704007904052,3.8543039615686547,ðŸ”¥ðŸ”¥ðŸ”¥,ðŸ”¥ðŸ”¥ðŸ”¥
2025-04-16,Philadelphia Phillies,San Francisco Giants,MyBookie.ag,2.23,1.69,1.5,1.59,-1.5,2.45,7.5,1.89,1.92,13-5,11.0,10-8,4.0,-0.54,-0.2772730565370453,-3.0,Away,0.5619762786859408,Over,0.5572803684102676,5.067220400720855,5.779703299277642,ðŸ”¥,ðŸ”¥
2025-04-16,Tampa Bay Rays,Boston Red Sox,MyBookie.ag,2.18,1.72,1.5,1.62,-1.5,2.4,9.0,1.83,1.98,10-10,1.0,8-10,0.0,-0.4600000000000002,-0.23700058597563606,-3.0,Home,0.5182616529471917,Under,0.5950539153195951,5.038323154483433,3.8289068457790334,ðŸ”¥,ðŸ”¥ðŸ”¥
2025-04-16,New York Yankees,Kansas City Royals,MyBookie.ag,2.34,1.63,1.5,1.67,-1.5,2.3,8.0,1.86,1.95,8-11,3.0,11-7,4.0,-0.71,-0.36157091455093915,-3.0,Home,0.885429927295354,Under,0.6300946065008849,5.235255032992547,3.6801774696246294,ðŸ”¥ðŸ”¥ðŸ”¥ðŸ”¥ðŸ”¥,ðŸ”¥ðŸ”¥
2025-04-16,Chicago White Sox,Oakland Athletics,MyBookie.ag,1.66,2.29,-1.5,2.06,1.5,1.8,7.5,1.91,1.9,,,,,0.6300000000000001,0.32173421519769646,3.0,Away,0.5850040460486963,Over,0.6101499383289244,4.19213931847237,4.134702847465044,ðŸ”¥ðŸ”¥,ðŸ”¥ðŸ”¥
2025-04-17,Texas Rangers,Los Angeles Angels,MyBookie.ag,1.76,2.12,-1.5,2.2,1.5,1.71,9.5,1.92,1.89,9-9,3.0,12-7,5.0,0.3600000000000001,0.1861022796338607,3.0,Away,0.547866458500217,Under,0.8338766807748436,5.179684175856142,4.72144874150558,ðŸ”¥,ðŸ”¥ðŸ”¥ðŸ”¥ðŸ”¥
2025-04-17,Los Angeles Dodgers,Colorado Rockies,MyBookie.ag,3.52,1.32,2.5,1.8,-2.5,2.05,8.5,1.91,1.9,,,,,-2.2,-0.9808292530117262,-5.0,Home,0.8592837168465792,Under,0.7355370292696438,3.7513495666626557,3.952770069678886,ðŸ”¥ðŸ”¥ðŸ”¥ðŸ”¥,ðŸ”¥ðŸ”¥ðŸ”¥
2025-04-17,Miami Marlins,Arizona Diamondbacks,MyBookie.ag,1.7,2.22,-1.5,2.15,1.5,1.74,8.5,1.91,1.9,12-7,6.0,8-10,4.0,0.5200000000000002,0.26687894482201785,3.0,Away,0.5752676931768557,Over,0.7225207571596018,3.852278305447907,4.214590563468326,ðŸ”¥,ðŸ”¥ðŸ”¥ðŸ”¥
2025-04-17,Pittsburgh Pirates,Washington Nationals,MyBookie.ag,2.24,1.68,1.5,1.56,-1.5,2.5,8.0,1.94,1.87,7-12,0.0,8-12,1.0,-0.5600000000000003,-0.28768207245178107,-3.0,Home,0.5946593645341357,Under,0.7287215831904821,4.80126027401055,3.36629521068783,ðŸ”¥ðŸ”¥,ðŸ”¥ðŸ”¥ðŸ”¥
2025-04-17,Cincinnati Reds,Seattle Mariners,MyBookie.ag,2.09,1.78,1.5,1.56,-1.5,2.5,9.0,1.96,1.85,10-9,11.0,9-10,7.0,-0.30999999999999983,-0.16055070167272573,-3.0,Home,0.5222811271005583,Over,0.6284699606801464,8.9557476512467,3.9917484218287265,ðŸ”¥,ðŸ”¥ðŸ”¥
2025-04-17,Chicago White Sox,Oakland Athletics,MyBookie.ag,1.7,2.21,-1.5,2.25,1.5,1.69,8.0,1.92,1.89,,,,,0.51,0.26236426446749106,3.0,Home,0.6109487555406944,Over,0.6959708990822261,5.093572890489732,2.0266966500774926,ðŸ”¥ðŸ”¥,ðŸ”¥ðŸ”¥ðŸ”¥
2025-04-17,Philadelphia Phillies,San Francisco Giants,MyBookie.ag,2.53,1.55,1.5,1.71,-1.5,2.2,8.0,1.93,1.88,13-6,4.0,11-8,6.0,-0.9799999999999998,-0.48996437180827357,-3.0,Home,0.885429927295354,Over,0.648343879121555,3.9377806292649793,3.7085768718906693,ðŸ”¥ðŸ”¥ðŸ”¥ðŸ”¥ðŸ”¥,ðŸ”¥ðŸ”¥
2025-04-17,Baltimore Orioles,Cleveland Guardians,MyBookie.ag,1.94,1.91,-1.5,2.45,1.5,1.59,8.5,1.9,1.91,9-9,2.0,8-10,6.0,-0.030000000000000027,-0.015584731016698316,3.0,Away,0.5804028923385107,Under,0.593172558947014,4.38954157262857,5.204649297252654,ðŸ”¥,ðŸ”¥ðŸ”¥
2025-04-17,Detroit Tigers,Kansas City Royals,MyBookie.ag,2.25,1.68,1.5,1.65,-1.5,2.35,8.0,1.94,1.87,8-12,1.0,11-8,6.0,-0.5700000000000001,-0.2921364228011613,-3.0,Home,0.7735157108769939,Under,0.5932230475200193,5.182012034662261,3.36629521068783,ðŸ”¥ðŸ”¥ðŸ”¥,ðŸ”¥ðŸ”¥
2025-04-17,Tampa Bay Rays,New York Yankees,MyBookie.ag,1.92,1.93,-1.5,2.5,1.5,1.56,9.0,1.99,1.83,12-7,6.0,8-11,3.0,0.010000000000000009,0.00519481687710393,3.0,Home,0.5180569544580619,Over,0.6000421167184565,5.617825546580552,4.530429608050266,ðŸ”¥,ðŸ”¥ðŸ”¥
2025-04-17,New York Mets,St. Louis Cardinals,MyBookie.ag,2.15,1.74,1.5,1.56,-1.5,2.5,8.0,1.98,1.84,9-10,1.0,12-7,4.0,-0.4099999999999999,-0.21158272891313376,-3.0,Home,0.7118069791177254,Under,0.7467854713029827,3.2249524434092876,2.9250921387220488,ðŸ”¥ðŸ”¥ðŸ”¥,ðŸ”¥ðŸ”¥ðŸ”¥
2025-04-18,Texas Rangers,Los Angeles Angels,MyBookie.ag,2.27,1.67,1.5,1.67,-1.5,2.3,9.5,1.94,1.87,,,,,-0.6000000000000001,-0.30695620506464766,-3.0,Home,0.7813714067701435,Under,0.7949101745084729,5.333282027225573,3.6809339797731497,ðŸ”¥ðŸ”¥ðŸ”¥,ðŸ”¥ðŸ”¥ðŸ”¥ðŸ”¥
2025-04-19,Colorado Rockies,Washington Nationals,MyBookie.ag,1.75,2.14,-1.5,2.2,1.5,1.71,8.5,1.9,1.91,,,,,0.3900000000000001,0.20119004109833744,3.0,Away,0.5752676931768557,Under,0.7285354653612328,3.8724664621827127,4.683052539821948,ðŸ”¥,ðŸ”¥ðŸ”¥ðŸ”¥
2025-04-18,Chicago Cubs,Arizona Diamondbacks,MyBookie.ag,6.0,1.12,2.5,1.75,-2.5,2.0,7.0,1.9,1.8,12-7,5.0,12-9,7.0,-4.88,-1.6784307839210517,-5.0,Home,0.7735169403514501,Over,0.719778092264354,5.394933173386475,2.1876965085046525,ðŸ”¥ðŸ”¥ðŸ”¥,ðŸ”¥ðŸ”¥ðŸ”¥
2025-04-18,Pittsburgh Pirates,Cleveland Guardians,MyBookie.ag,1.75,2.13,-1.5,2.3,1.5,1.67,8.5,1.87,1.94,9-9,,8-12,,0.3799999999999999,0.196506191785911,3.0,Away,0.5752676931768557,Under,0.8541552657011002,3.8724664621827127,4.683052539821948,ðŸ”¥,ðŸ”¥ðŸ”¥ðŸ”¥ðŸ”¥
2025-04-18,Detroit Tigers,Kansas City Royals,MyBookie.ag,1.71,2.2,-1.5,2.22,1.5,1.69,7.5,1.88,1.94,8-12,,11-8,,0.4900000000000002,0.2519639898497018,3.0,Away,0.5850040460486963,Under,0.8018960169199844,3.3236597649437747,1.6507163039207453,ðŸ”¥ðŸ”¥,ðŸ”¥ðŸ”¥ðŸ”¥ðŸ”¥
2025-04-18,Philadelphia Phillies,Miami Marlins,MyBookie.ag,2.87,1.45,1.5,1.87,-1.5,1.95,7.5,1.89,1.92,8-10,,11-8,,-1.4200000000000002,-0.6827484733390468,-3.0,Home,0.8112959961020119,Under,0.6533476329745364,5.107666826281435,2.7313712179762706,ðŸ”¥ðŸ”¥ðŸ”¥ðŸ”¥,ðŸ”¥ðŸ”¥
2025-04-18,Baltimore Orioles,Cincinnati Reds,MyBookie.ag,2.41,1.6,1.5,1.66,-1.5,2.31,9.0,1.85,1.96,9-10,,8-10,,-0.81,-0.4096231182568281,-3.0,Home,0.8899560761027004,Under,0.6770729879252713,5.585114692432108,3.6809339797731497,ðŸ”¥ðŸ”¥ðŸ”¥ðŸ”¥ðŸ”¥,ðŸ”¥ðŸ”¥
2025-04-18,Tampa Bay Rays,New York Yankees,MyBookie.ag,1.85,2.0,-1.5,2.4,1.5,1.62,8.5,1.96,1.85,12-7,,8-11,,0.1499999999999999,0.07796154146971171,3.0,Home,0.7177714729218788,Over,0.7935965260549915,4.23542184938013,4.683052539821948,ðŸ”¥ðŸ”¥ðŸ”¥,ðŸ”¥ðŸ”¥ðŸ”¥ðŸ”¥
2025-04-18,Toronto Blue Jays,Seattle Mariners,MyBookie.ag,1.99,1.86,-1.5,2.6,1.5,1.5,8.0,1.94,1.87,10-9,,11-8,,-0.1299999999999999,-0.06755815101129109,3.0,Home,0.9039926850285438,Over,0.7570996000491653,4.429252013116921,5.914964784952441,ðŸ”¥ðŸ”¥ðŸ”¥ðŸ”¥ðŸ”¥,ðŸ”¥ðŸ”¥ðŸ”¥
2025-04-18,Atlanta Braves,Minnesota Twins,MyBookie.ag,2.21,1.7,1.5,1.59,-1.5,2.45,8.0,1.87,1.94,7-12,,5-13,,-0.51,-0.262364264467491,-3.0,Home,0.5946593645341357,Under,0.6453506414414723,4.374172778154752,4.55895335473667,ðŸ”¥ðŸ”¥,ðŸ”¥ðŸ”¥
2025-04-18,Boston Red Sox,Chicago White Sox,MyBookie.ag,2.79,1.47,1.5,1.87,-1.5,1.95,9.0,1.85,1.96,4-14,,10-10,,-1.32,-0.6407791950426294,-3.0,Home,0.8899560761027004,Under,0.8626948262128747,4.411433213382995,3.6776787433991065,ðŸ”¥ðŸ”¥ðŸ”¥ðŸ”¥ðŸ”¥,ðŸ”¥ðŸ”¥ðŸ”¥ðŸ”¥
2025-04-18,New York Mets,St. Louis Cardinals,MyBookie.ag,2.65,1.51,1.5,1.74,-1.5,2.14,8.0,1.87,1.95,9-10,,12-7,,-1.14,-0.562449989171298,-3.0,Home,0.885429927295354,Under,0.690403267094601,3.8853147309017757,3.570632331353455,ðŸ”¥ðŸ”¥ðŸ”¥ðŸ”¥ðŸ”¥,ðŸ”¥ðŸ”¥ðŸ”¥
2025-04-19,Los Angeles Angels,San Francisco Giants,MyBookie.ag,1.62,2.36,-1.5,2.05,1.5,1.8,8.0,1.92,1.89,,,,,0.7399999999999998,0.37623546979322586,3.0,Home,0.6109487555406944,Under,0.5039869900696233,5.051186071248672,4.136862151614559,ðŸ”¥ðŸ”¥,ðŸ”¥
2025-04-19,Philadelphia Phillies,Miami Marlins,MyBookie.ag,2.78,1.47,1.5,1.91,-1.5,1.91,10.0,1.92,1.89,,,,,-1.3099999999999998,-0.6371885269119006,-3.0,Home,0.8899560761027004,Under,0.8066982072429928,4.411433213382995,3.6776787433991065,ðŸ”¥ðŸ”¥ðŸ”¥ðŸ”¥ðŸ”¥,ðŸ”¥ðŸ”¥ðŸ”¥ðŸ”¥
2025-04-19,Detroit Tigers,Kansas City Royals,MyBookie.ag,2.01,1.85,,,,,,,,,,,,-0.1599999999999997,-0.08294908298075078,,,,,,,,ðŸ”¥,ðŸ”¥
2025-04-19,Chicago Cubs,Arizona Diamondbacks,MyBookie.ag,1.89,1.96,-1.5,2.5,1.5,1.56,7.5,1.92,1.89,,,,,0.07000000000000006,0.03636764417087479,3.0,Home,0.5885731354355342,Over,0.5306734522090564,4.172581178984407,3.819102773681492,ðŸ”¥ðŸ”¥,ðŸ”¥
2025-04-19,Toronto Blue Jays,Seattle Mariners,MyBookie.ag,1.78,2.09,-1.5,2.3,1.5,1.67,8.5,1.95,1.86,,,,,0.30999999999999983,0.16055070167272575,3.0,Away,0.5446438211861949,Under,0.5446180413835722,3.7980348195131857,4.683052539821948,ðŸ”¥,ðŸ”¥
2025-04-19,Baltimore Orioles,Cincinnati Reds,MyBookie.ag,1.88,1.96,-1.5,2.45,1.5,1.59,9.0,1.95,1.86,,,,,0.08000000000000007,0.04167269640056808,3.0,Home,0.5299437331775853,Under,0.5972118029543314,5.617825546580552,5.17470741864566,ðŸ”¥,ðŸ”¥ðŸ”¥
2025-04-19,Pittsburgh Pirates,Cleveland Guardians,MyBookie.ag,2.52,1.56,1.5,1.74,-1.5,2.15,7.5,1.85,1.97,,,,,-0.96,-0.4795730802618862,-3.0,Home,0.8112959961020119,Under,0.7278625099479888,5.160132724644638,2.8693157585134847,ðŸ”¥ðŸ”¥ðŸ”¥ðŸ”¥,ðŸ”¥ðŸ”¥ðŸ”¥
2025-04-19,Texas Rangers,Los Angeles Dodgers,MyBookie.ag,1.78,2.09,-1.5,2.3,1.5,1.67,8.5,1.91,1.9,,,,,0.30999999999999983,0.16055070167272575,3.0,Away,0.5446438211861949,Under,0.5667119502965509,3.7980348195131857,4.683052539821948,ðŸ”¥,ðŸ”¥
2025-04-19,New York Mets,St. Louis Cardinals,MyBookie.ag,2.43,1.59,1.5,1.71,-1.5,2.2,8.5,1.97,1.84,,,,,-0.8400000000000001,-0.4241572411203169,-3.0,Home,0.8592837168465792,Over,0.5889807489909717,3.5158026992908282,3.956025306052929,ðŸ”¥ðŸ”¥ðŸ”¥ðŸ”¥,ðŸ”¥
2025-04-19,Boston Red Sox,Chicago White Sox,MyBookie.ag,3.53,1.32,2.5,1.8,-2.5,2.05,8.5,1.91,1.9,,,,,-2.21,-0.9836661343469257,-5.0,Home,0.8592837168465792,Under,0.7355370292696438,3.7513495666626557,3.952770069678886,ðŸ”¥ðŸ”¥ðŸ”¥ðŸ”¥,ðŸ”¥ðŸ”¥ðŸ”¥
2025-04-19,Tampa Bay Rays,New York Yankees,MyBookie.ag,2.15,1.74,1.5,1.59,-1.5,2.45,9.0,1.82,1.99,,,,,-0.4099999999999999,-0.21158272891313376,-3.0,Home,0.724520712889519,Under,0.6364464634189275,4.720780901736685,3.8289068457790334,ðŸ”¥ðŸ”¥ðŸ”¥,ðŸ”¥ðŸ”¥
2025-04-19,Houston Astros,San Diego Padres,MyBookie.ag,1.82,2.0,-1.5,2.4,1.5,1.62,8.0,1.9,1.91,,,,,0.17999999999999994,0.09431067947124121,3.0,Home,0.8460563393710644,Over,0.5834003956773758,4.860618720219735,3.0611406634689113,ðŸ”¥ðŸ”¥ðŸ”¥ðŸ”¥,ðŸ”¥
2025-04-19,Milwaukee Brewers,Oakland Athletics,MyBookie.ag,2.09,1.75,1.5,1.56,-1.5,2.5,8.5,1.97,1.84,,,,,-0.33999999999999986,-0.17754827804129691,-3.0,Away,0.5477925132118477,Over,0.5966669932353096,4.731296426448035,4.438181856366946,ðŸ”¥,ðŸ”¥ðŸ”¥
2025-04-19,Atlanta Braves,Minnesota Twins,MyBookie.ag,2.67,1.48,1.5,1.8,-1.5,2.05,8.0,1.98,1.84,,,,,-1.19,-0.5900363846361344,-3.0,Home,0.885429927295354,Under,0.7794688136967131,3.8853147309017757,3.570632331353455,ðŸ”¥ðŸ”¥ðŸ”¥ðŸ”¥ðŸ”¥,ðŸ”¥ðŸ”¥ðŸ”¥
2025-04-20,Los Angeles Angels,San Francisco Giants,MyBookie.ag,1.79,2.04,-1.5,2.35,1.5,1.65,8.5,1.82,2.0,,,,,0.25,0.13073418800346132,3.0,Home,0.7209785766297091,Under,0.6848847544785324,4.2623381368904765,4.683052539821948,ðŸ”¥ðŸ”¥ðŸ”¥,ðŸ”¥ðŸ”¥
